-- MySQL dump 10.11
--
-- Host: localhost    Database: builder_ikit_org_J_ICS_2012_2013
-- ------------------------------------------------------
-- Server version	5.0.95

/*!40101 SET @OLD_CHARACTER_SET_CLIENT=@@CHARACTER_SET_CLIENT */;
/*!40101 SET @OLD_CHARACTER_SET_RESULTS=@@CHARACTER_SET_RESULTS */;
/*!40101 SET @OLD_COLLATION_CONNECTION=@@COLLATION_CONNECTION */;
/*!40101 SET NAMES utf8 */;
/*!40103 SET @OLD_TIME_ZONE=@@TIME_ZONE */;
/*!40103 SET TIME_ZONE='+00:00' */;
/*!40014 SET @OLD_UNIQUE_CHECKS=@@UNIQUE_CHECKS, UNIQUE_CHECKS=0 */;
/*!40014 SET @OLD_FOREIGN_KEY_CHECKS=@@FOREIGN_KEY_CHECKS, FOREIGN_KEY_CHECKS=0 */;
/*!40101 SET @OLD_SQL_MODE=@@SQL_MODE, SQL_MODE='NO_AUTO_VALUE_ON_ZERO' */;
/*!40111 SET @OLD_SQL_NOTES=@@SQL_NOTES, SQL_NOTES=0 */;

--
-- Table structure for table `author_note`
--

DROP TABLE IF EXISTS `author_note`;
/*!40101 SET @saved_cs_client     = @@character_set_client */;
/*!40101 SET character_set_client = utf8 */;
CREATE TABLE `author_note` (
  `authorid` int(11) default NULL,
  `noteid` int(11) default NULL,
  KEY `authorid_FK` (`authorid`),
  KEY `notedid_FK` (`noteid`),
  CONSTRAINT `authorid_FK` FOREIGN KEY (`authorid`) REFERENCES `author_table` (`authorid`) ON DELETE CASCADE ON UPDATE CASCADE,
  CONSTRAINT `notedid_FK` FOREIGN KEY (`noteid`) REFERENCES `note_table` (`noteid`) ON DELETE CASCADE ON UPDATE CASCADE
) ENGINE=InnoDB DEFAULT CHARSET=utf8;
/*!40101 SET character_set_client = @saved_cs_client */;

--
-- Dumping data for table `author_note`
--

LOCK TABLES `author_note` WRITE;
/*!40000 ALTER TABLE `author_note` DISABLE KEYS */;
INSERT INTO `author_note` VALUES (42,774),(121,1027),(121,1589),(121,1715),(133,6989),(133,6994),(133,7006),(201,6678),(201,6682),(201,9821),(201,9963),(201,9966),(205,6615),(205,9777),(205,9923),(205,10192),(209,4796),(209,8406),(209,8536),(209,8909),(209,8913),(209,9060),(213,6786),(213,10033),(217,4645),(217,4651),(217,4739),(217,4745),(217,4940),(217,8202),(217,8208),(217,8601),(221,6660),(221,6753),(221,9880),(221,9884),(221,10099),(225,4690),(225,4694),(225,4826),(225,4832),(225,4877),(225,8442),(225,8446),(225,8450),(225,8552),(229,6644),(229,9764),(229,9769),(229,10208),(233,4782),(233,4789),(233,4917),(233,8492),(233,8576),(233,8583),(233,8848),(237,4668),(237,4672),(237,5030),(237,9014),(245,4995),(245,8475),(245,8483),(249,6597),(249,6601),(249,6733),(249,9995),(249,9998),(253,4782),(253,4917),(253,8619),(257,4848),(257,8320),(261,4772),(261,4778),(261,6887),(261,8146),(261,8150),(261,8384),(261,8389),(261,8711),(261,8716),(265,6601),(265,9931),(265,10134),(265,10138),(265,10142),(269,6833),(273,4661),(273,4665),(273,8745),(273,8751),(277,6688),(277,6693),(277,9832),(277,9836),(277,9942),(277,9946),(277,9950),(281,4678),(281,8218),(281,8366),(281,8370),(281,8373),(281,8871),(281,8875),(281,9032),(285,6624),(285,6627),(285,6715),(285,6719),(285,9854),(285,9861),(285,9956),(285,10048),(285,10144),(285,10149),(285,10224),(337,7379),(337,7383),(337,7493),(345,7841),(345,7848),(345,7853),(345,8225),(345,8230),(349,8176),(349,8180),(349,8292),(357,7879),(357,7884),(357,8108),(361,7359),(361,7363),(361,7390),(365,7945),(365,8043),(365,8048),(365,8191),(365,8195),(365,8455),(369,7335),(373,7440),(373,7447),(377,7613),(377,7665),(381,7623),(385,7420),(385,7424),(385,7473),(385,7508),(389,7858),(389,7866),(389,7894),(393,7784),(393,7934),(393,7963),(393,7967),(393,8070),(393,8074),(393,8078),(397,7317),(401,7410),(409,7595),(413,8155),(413,8159),(413,8163),(413,8256),(413,8260),(413,8344),(413,8350),(413,8432),(413,8637),(417,7808),(417,7916),(417,7987),(417,7992),(417,8083),(421,7826),(421,7832),(421,7979),(421,8123),(421,8129),(421,8313),(525,1268),(525,1271),(525,1322),(525,1432),(525,1642),(525,1775),(525,5400),(525,9644),(529,1160),(529,1458),(529,5595),(529,5601),(529,5810),(529,6322),(529,6407),(529,9084),(533,1177),(533,1181),(533,1302),(533,1486),(533,1853),(533,2108),(533,2111),(533,5487),(533,5490),(533,5953),(533,5957),(533,5960),(533,5988),(533,8609),(533,8940),(537,1684),(537,1980),(537,1986),(537,4513),(537,4522),(537,5423),(537,5911),(537,8974),(537,9204),(541,1976),(541,4518),(541,5258),(541,9176),(545,967),(545,1256),(545,1262),(545,1399),(545,1617),(545,1651),(545,2058),(545,2061),(545,2064),(545,2067),(545,2070),(545,2073),(545,2082),(545,4526),(545,6915),(549,2001),(549,4522),(549,4990),(549,5946),(549,5950),(553,1020),(553,1794),(553,1798),(553,1844),(553,1847),(553,1889),(553,5886),(553,5889),(553,6353),(557,984),(557,1514),(557,1866),(557,1954),(557,4526),(557,9236),(557,9644),(561,955),(561,1148),(561,1409),(561,1822),(561,2088),(561,2096),(561,5021),(561,5055),(561,5572),(561,5810),(561,6037),(561,6198),(561,8813),(561,8817),(565,948),(565,4513),(565,4518),(565,4522),(565,5524),(565,5858),(569,1225),(569,4526),(569,4924),(569,4932),(569,5771),(569,5774),(569,8942),(569,8946),(573,979),(573,1740),(573,5482),(573,5851),(573,5855),(573,9158),(573,9666),(577,1994),(577,1998),(577,2017),(577,9135),(577,9139),(577,9142),(577,9222),(577,9225),(582,1198),(582,1275),(582,1280),(582,1305),(582,4900),(582,5114),(582,5117),(582,5120),(582,5280),(582,5376),(582,5380),(582,5468),(582,5472),(582,5743),(582,5747),(582,5899),(582,5902),(582,5993),(582,5997),(582,6000),(582,6324),(582,6915),(582,8953),(582,8956),(582,9195),(586,1625),(586,1628),(586,5013),(590,948),(590,2241),(590,2339),(594,955),(594,4977),(594,5134),(594,5139),(594,5875),(594,5883),(594,6093),(594,6334),(594,6337),(598,1225),(598,5042),(602,1288),(602,1292),(602,1510),(602,1670),(602,1762),(602,1965),(602,2001),(602,4522),(602,5412),(602,5418),(602,5674),(602,5681),(602,5779),(602,6124),(602,6299),(606,1514),(606,1954),(606,4924),(606,9232),(606,9236),(606,9644),(610,967),(610,1749),(610,1882),(610,2180),(610,2183),(610,4513),(610,4522),(610,5354),(610,5420),(610,5423),(610,5731),(610,5908),(610,5911),(614,1371),(614,1498),(614,1727),(614,5241),(614,5530),(614,5533),(614,5536),(614,5660),(614,5973),(614,5977),(614,8356),(614,8360),(618,2741),(618,3263),(618,3269),(622,2864),(626,2668),(630,2839),(634,2772),(634,2775),(634,3280),(638,2805),(638,3036),(638,3041),(638,3044),(642,2986),(646,3056),(646,3376),(650,2934),(650,2938),(650,3154),(650,3242),(650,3453),(650,3457),(650,3505),(650,3511),(650,3514),(654,2709),(654,2724),(654,3121),(658,2885),(663,3024),(663,3027),(667,2908),(671,2792),(671,3174),(671,3177),(671,3465),(671,3470),(675,3207),(679,2714),(679,3486),(683,3298),(687,2753),(691,2788),(695,2976),(695,3549),(699,2762),(699,3504),(703,2879),(703,2919),(703,2923),(703,3100),(703,3143),(703,3313),(827,4181),(2928,3005),(2928,3011),(4381,6904),(4381,9673),(4381,9686),(4381,9692),(7099,7154),(7099,7163),(7099,9468),(7099,9472),(7099,9499),(7099,9511),(7099,9537),(7099,9543),(42,13071),(133,13990),(133,13994),(201,15533),(201,15538),(201,15720),(201,15724),(201,15727),(201,15746),(205,15755),(209,15020),(217,14810),(217,14815),(217,14845),(221,15791),(225,14710),(225,14992),(225,15556),(225,15559),(229,15713),(229,15717),(229,15823),(229,15827),(233,14733),(233,14736),(233,14741),(233,14782),(233,14831),(237,14689),(245,14799),(245,14803),(249,15890),(257,14922),(261,14725),(261,14881),(261,14887),(265,15580),(265,15584),(265,15764),(265,15767),(265,15781),(265,15786),(265,15790),(269,15846),(269,15850),(273,14982),(277,15543),(277,15546),(277,15549),(277,15587),(277,15590),(277,15593),(277,15596),(277,15599),(277,15602),(277,15605),(277,15608),(277,15611),(277,15614),(277,15617),(277,15620),(277,15623),(277,15626),(277,15629),(277,15632),(277,15635),(277,15638),(277,15641),(277,15652),(277,15655),(277,15660),(277,15675),(277,15678),(277,15867),(277,15871),(281,14642),(285,15733),(285,15738),(285,15983),(285,15987),(437,12950),(437,12953),(437,12956),(437,12997),(437,13124),(437,13131),(437,13252),(437,13255),(437,13485),(437,13593),(437,13599),(441,13439),(441,13577),(441,13583),(441,16489),(441,16493),(441,16662),(441,16666),(441,16808),(441,16811),(441,16952),(445,16341),(445,16447),(445,16451),(445,16711),(445,16717),(445,16787),(445,16791),(449,14075),(449,14196),(449,14204),(449,14266),(449,14270),(449,14416),(449,17245),(449,17368),(449,17409),(449,17470),(453,13000),(453,13003),(453,13107),(453,13516),(453,13522),(453,13664),(453,13667),(453,16303),(453,16439),(453,16985),(457,13612),(457,13738),(457,16467),(457,16473),(457,16622),(457,16862),(461,12943),(461,13147),(461,13150),(461,13153),(461,13680),(461,13803),(461,16323),(461,16522),(465,14376),(465,14382),(465,14385),(465,14500),(465,14504),(465,14507),(465,17357),(465,17362),(465,17365),(465,17533),(469,14238),(469,14244),(469,14360),(469,16277),(469,16567),(469,16575),(469,16680),(469,16683),(469,16686),(469,16997),(469,17000),(469,17003),(469,17037),(469,17040),(469,17044),(469,17047),(473,12980),(473,13291),(473,13348),(473,13351),(477,14096),(477,16249),(477,16931),(481,12960),(481,13075),(481,13361),(481,13364),(481,13388),(481,13752),(481,13756),(481,16416),(481,16419),(481,16478),(481,16484),(481,16641),(481,16646),(481,16898),(485,14153),(485,14354),(485,14373),(485,16353),(485,16360),(485,16914),(485,16923),(485,17074),(485,17101),(485,17199),(489,12922),(489,13216),(489,13457),(489,13461),(489,16338),(489,16703),(489,16796),(493,16513),(497,17214),(497,17218),(497,17273),(497,17276),(497,17280),(497,17387),(497,17432),(497,17440),(501,14171),(501,14215),(505,13048),(505,13053),(505,13258),(505,13261),(505,13635),(505,13709),(509,14386),(509,14392),(509,14395),(509,14429),(509,14481),(509,14484),(509,14602),(509,17313),(509,17319),(509,17458),(509,17464),(513,12911),(513,14117),(513,14120),(513,14159),(513,14396),(513,14399),(513,14404),(513,16315),(513,16561),(513,16969),(517,13014),(517,13174),(517,13177),(517,13180),(517,13186),(521,14187),(521,14509),(521,14512),(521,17199),(533,12718),(618,10554),(618,10557),(618,10563),(618,10619),(618,10622),(618,10626),(618,10653),(618,10656),(618,10660),(618,10665),(618,11966),(618,11971),(618,12556),(622,10709),(622,10712),(622,11478),(622,11481),(622,11633),(622,12635),(626,11013),(626,11027),(626,11414),(626,11417),(626,11420),(630,10973),(630,10976),(630,11183),(630,11186),(630,11190),(634,11304),(634,11307),(638,11147),(638,11529),(638,12580),(642,10911),(642,10914),(642,12075),(646,10520),(646,10523),(646,10885),(650,11921),(650,11924),(654,11016),(654,11019),(654,11022),(654,11035),(654,11038),(654,11041),(654,11044),(654,11050),(654,11053),(654,11058),(654,11061),(654,11516),(654,11519),(654,11650),(658,10474),(658,10479),(658,10840),(658,11212),(658,11216),(658,11219),(658,11314),(658,11318),(658,11352),(658,11355),(658,11358),(658,11549),(658,12507),(658,12511),(663,11344),(663,11347),(663,11391),(663,11395),(663,11493),(663,11497),(663,11621),(663,11624),(663,11627),(663,11699),(663,11702),(671,10405),(671,10413),(671,10508),(671,10511),(671,10514),(671,10531),(671,10534),(671,10546),(671,10549),(671,10764),(671,10767),(671,10772),(671,10786),(671,10793),(671,11661),(671,11664),(671,11667),(671,11708),(671,11711),(671,11716),(671,11729),(671,11732),(671,11772),(671,12694),(671,12697),(675,11088),(675,11644),(675,11647),(675,11847),(679,10643),(679,10646),(679,10649),(679,10776),(679,10779),(679,10782),(679,10795),(679,10798),(679,10803),(679,10820),(679,10893),(683,11256),(683,11910),(683,11913),(683,12758),(683,12769),(683,12806),(687,11941),(687,11944),(687,11947),(687,12006),(687,12009),(687,12012),(687,12016),(687,12019),(687,12022),(687,12026),(687,12029),(687,12032),(687,12097),(687,12101),(687,12104),(687,12163),(687,12166),(687,12169),(687,12172),(687,12175),(687,12178),(687,12181),(687,12184),(687,12187),(687,12190),(687,12209),(687,12212),(687,12215),(687,12289),(687,12293),(687,12307),(687,12312),(687,12315),(687,12318),(687,12321),(687,12334),(687,12337),(687,12340),(687,12345),(687,12348),(687,12353),(687,12374),(687,12377),(687,12380),(687,12383),(687,12396),(687,12399),(687,12402),(687,12422),(687,12425),(687,12428),(687,12432),(687,12435),(687,12438),(687,12441),(687,12444),(687,12447),(687,12450),(687,12453),(687,12456),(687,12459),(687,12462),(687,12465),(687,12528),(687,12816),(687,12819),(691,10683),(691,10900),(691,10903),(691,12058),(691,12061),(691,12234),(691,12237),(691,12614),(695,10959),(695,10993),(695,10996),(695,12154),(695,12159),(699,12631),(703,11291),(703,11995),(2928,10861),(2928,10864),(2928,10867),(2928,11143),(2928,11266),(2928,11269),(2928,11272),(2928,11275),(2928,11426),(2928,11429),(2928,11432),(121,18827),(121,18858),(201,18047),(205,18036),(205,18039),(213,17838),(221,17920),(221,17923),(221,18258),(221,18261),(221,18264),(229,17961),(229,18026),(241,18011),(241,18145),(241,18149),(241,18152),(241,18208),(241,18211),(241,18214),(241,18217),(241,18220),(241,18223),(241,18226),(249,18176),(249,18180),(265,17903),(265,17908),(269,18132),(277,17821),(277,17824),(277,17827),(277,17857),(277,17860),(277,17863),(277,17866),(277,17869),(277,17872),(277,17893),(277,17897),(277,17901),(285,17938),(285,17964),(285,17968),(285,18155),(449,19693),(525,18878),(525,18992),(529,18788),(529,18800),(533,18421),(537,19106),(537,19166),(537,19267),(537,19393),(537,19399),(537,19405),(537,19542),(537,19993),(537,20307),(537,20314),(537,20503),(537,20508),(537,20722),(537,20726),(537,20978),(537,20985),(541,18882),(545,18998),(545,19180),(549,18821),(553,18835),(557,18435),(557,18453),(561,18862),(561,19038),(561,19138),(565,18416),(565,18862),(577,18421),(582,19180),(582,19185),(582,19232),(586,18989),(586,19117),(586,19207),(590,18805),(590,19091),(590,19290),(590,19294),(590,19359),(594,18773),(594,19114),(594,19117),(594,19207),(594,19249),(594,19301),(594,19306),(602,18821),(610,18910),(610,19191),(610,19347),(610,19383),(610,19463),(610,20079),(610,20298),(610,20301),(610,20612),(610,20618),(614,18435),(4381,18409),(7099,17656),(525,22238),(525,22382),(525,22606),(529,22327),(529,22513),(529,22579),(529,22582),(529,22585),(529,22728),(529,22748),(533,22275),(533,22624),(541,22348),(545,22553),(549,22283),(549,22392),(549,22466),(557,22576),(561,22186),(561,22193),(561,22647),(565,22466),(577,22262),(577,22266),(577,22618),(582,22417),(582,22476),(582,22515),(582,22518),(582,22635),(586,22406),(594,22200),(594,22553),(602,22527),(610,22193),(610,22647),(341,24155),(341,24163),(341,24251),(341,24451),(341,24456),(341,24623),(345,25258),(345,25261),(345,25374),(345,25635),(345,25639),(349,25483),(349,25491),(349,25672),(349,25768),(349,25771),(353,25076),(357,25032),(357,25035),(357,25038),(365,24762),(365,24766),(365,24786),(365,24790),(365,24829),(365,25083),(365,25087),(365,25090),(365,25095),(365,25100),(365,25119),(365,25188),(365,25192),(365,25197),(369,24970),(369,24973),(369,25013),(369,25166),(369,25169),(369,25201),(369,25205),(369,25467),(369,25475),(369,25616),(373,24956),(373,25405),(373,25597),(373,25603),(373,25630),(373,25712),(373,25716),(377,24096),(377,24122),(377,24147),(381,25146),(381,25150),(381,25291),(381,25297),(381,25322),(381,25325),(381,25328),(381,25430),(381,25434),(381,25452),(381,25509),(381,25518),(381,25560),(381,25567),(381,25576),(381,25683),(381,25688),(381,25691),(381,25701),(389,24941),(389,25053),(389,25059),(393,25064),(393,25071),(393,25138),(393,25313),(393,25411),(393,25418),(397,25104),(397,25108),(397,25245),(401,24047),(401,24224),(401,24318),(401,24564),(401,24571),(401,24701),(401,24799),(401,24818),(405,25342),(405,25542),(405,25546),(409,24040),(409,24114),(409,24118),(409,24597),(409,24602),(409,24670),(413,24085),(413,24089),(413,24105),(413,24109),(413,24260),(413,24264),(413,24282),(413,24438),(413,24513),(413,24516),(413,24703),(417,24091),(417,24133),(417,24165),(417,24172),(417,24234),(417,24307),(417,24411),(417,24416),(417,24482),(417,24547),(417,24637),(417,24714),(417,24719),(417,24892),(421,24179),(421,24301),(421,24353),(421,24360),(421,24644),(421,24647),(421,24853),(421,24859),(421,24911),(421,24917),(421,24920),(618,23047),(618,23475),(618,23656),(622,23260),(626,23193),(626,23197),(626,23754),(630,23096),(630,23099),(634,23405),(634,23410),(634,23698),(634,23701),(634,23705),(634,23708),(634,23715),(634,23738),(634,23742),(634,23746),(634,23762),(638,23085),(642,23004),(646,22993),(646,22997),(646,23001),(646,23360),(650,23496),(650,23558),(650,23561),(654,23015),(658,23118),(658,23125),(658,23241),(658,23245),(658,23461),(658,23841),(663,23208),(663,23379),(663,23775),(663,23780),(667,22970),(667,22974),(671,23413),(671,23672),(675,22981),(675,22987),(679,23139),(683,23134),(683,23309),(687,23369),(687,23373),(687,23376),(687,23589),(691,23300),(695,23160),(695,23163),(695,23168),(695,23876),(699,23158),(703,23060),(2928,23070),(2928,23334),(2928,23390),(461,26366),(461,26378),(465,26439),(465,26442),(465,26445),(465,26451),(465,26454),(509,26480),(521,26504),(529,25942),(533,25973),(537,26049),(541,26044),(545,25960),(549,26093),(553,26028),(569,26066),(573,26003),(577,26093),(582,25960),(590,26049),(594,25960),(598,26023),(602,26093),(606,26066),(614,26072),(618,26617),(630,26653),(630,26657),(695,26675),(703,26663),(4381,25920),(4381,25926),(630,26694),(695,26726),(42,27141),(42,28882),(42,29924),(42,29930),(205,29053),(209,29329),(221,28942),(225,29237),(225,29417),(229,28999),(229,29003),(233,29270),(233,29275),(237,29177),(237,29181),(237,29185),(241,29138),(241,29142),(249,29009),(253,29349),(253,29354),(253,29358),(257,29306),(257,29310),(261,29189),(261,29194),(261,29288),(261,29324),(261,29387),(261,29470),(265,28974),(265,28980),(273,29226),(273,29230),(273,29370),(273,29374),(273,29408),(273,29629),(273,29636),(277,28930),(277,28934),(277,28955),(277,28959),(277,29062),(277,29066),(277,29069),(277,29084),(277,29087),(277,29091),(277,29096),(277,29102),(277,29618),(277,29622),(281,29429),(606,28169),(2377,27733),(2377,27743);
/*!40000 ALTER TABLE `author_note` ENABLE KEYS */;
UNLOCK TABLES;

--
-- Table structure for table `author_table`
--

DROP TABLE IF EXISTS `author_table`;
/*!40101 SET @saved_cs_client     = @@character_set_client */;
/*!40101 SET character_set_client = utf8 */;
CREATE TABLE `author_table` (
  `authorid` int(11) NOT NULL,
  `firstname` varchar(45) default NULL,
  `lastname` varchar(45) default NULL,
  `username` varchar(45) default NULL,
  `type` varchar(45) default NULL,
  PRIMARY KEY  (`authorid`)
) ENGINE=InnoDB DEFAULT CHARSET=utf8;
/*!40101 SET character_set_client = @saved_cs_client */;

--
-- Dumping data for table `author_table`
--

LOCK TABLES `author_table` WRITE;
/*!40000 ALTER TABLE `author_table` DISABLE KEYS */;
INSERT INTO `author_table` VALUES (2,'Manager','Manager','manager','manager'),(4,'Anonymous','Anonymous','anonymous','anonymous'),(42,'Jianwei','Zhang','Jianwei','manager'),(82,'Chriss','Bogert','chrissb','manager'),(121,'Ben','Peebles','benp','editor'),(125,'Julia','Murray','juliam','editor'),(129,'Sara','Vartanian','sarav','editor'),(133,'Robin','Shaw','robins','editor'),(137,'Cindy','Halewood','cindyh','editor'),(201,'Diego','Barrientos','diego','writer'),(205,'Geneva','Bernstein','geneva','writer'),(209,'Joshua','Bougadis','joshua','writer'),(213,'Fiona','Chamberlain','fiona','writer'),(217,'Jeremy','Chamberlain','jeremy','writer'),(221,'Allie','Chen-Der','allie','writer'),(225,'Maya','D\'Cruz','maya','writer'),(229,'Katherine','Egge','katherine','writer'),(233,'Eila','Farnood','eila','writer'),(237,'Luca','Giannone','luca','writer'),(241,'Bailey','Hancock','bailey','writer'),(245,'Lua','Harari','lua','writer'),(249,'Syona','Joshi','syona','writer'),(253,'Edwin','Kim','edwin','writer'),(257,'Dee-Dee','Lam','dee-dee','writer'),(261,'Tiger','Reuss','tiger','writer'),(265,'Nia','Shah','nia','writer'),(269,'Daniel','Solway','daniel','writer'),(273,'Samir','Thomson-Amarshi','samir','writer'),(277,'Zayd','Thomson-Amarshi','zayd','writer'),(281,'Sang-Ha','Walker','sang-ha','writer'),(285,'Ty','Zukerman Schure','ty','writer'),(337,'Jacqueline','Amber','jacqueline','writer'),(341,'Imogen','Bale Cooper','imogen','writer'),(345,'Sam','Birkenshaw','sam','writer'),(349,'Iliana','Cole','iliana','writer'),(353,'Lindsay','Der','lindsay','writer'),(357,'Jaydan','Emmanuel','jaydan','writer'),(361,'Norah','Finlay','norah','writer'),(365,'Adam','Fraser','adam','writer'),(369,'Cole','Gonzales','cole','writer'),(373,'Anika','Grieve','anika','writer'),(377,'Harper','Hancock','harper','writer'),(381,'Carson','Hom','carson','writer'),(385,'Frank','Jackman','frank','writer'),(389,'Vita','Jackman Kuwabara','vita','writer'),(393,'alex','ling','alex','writer'),(397,'Marten','Ling','marten','writer'),(401,'Marshall','MacKay','marshall','writer'),(405,'Amelia','Miller Sommer','amelia','writer'),(409,'Michael','O\'Regan','michael','writer'),(413,'Kismet','Reuss','kismet','writer'),(417,'Alex','Waese Perlman','alexwp','writer'),(421,'Eli','Kohn','eli','writer'),(437,'Rahim','Assar','rahim','writer'),(441,'J.D.','Card','jd','writer'),(445,'Blaede','Court-Suzuki','blaede','writer'),(449,'Anna','de Pencier','anna','writer'),(453,'Claire','Dixon','claire','writer'),(457,'Ayleen','Farnood','ayleen','writer'),(461,'Mylo','Glaisek','mylo','writer'),(465,'Adam','Goldman','adamg','writer'),(469,'Thomas','Jackman Kuwabara','thomas','writer'),(473,'Suvan','Joshi','suvan','writer'),(477,'Nikita','Khesin','nikita','writer'),(481,'Mira','Lazare','mira','writer'),(485,'Abby','Lechtzier','abby','writer'),(489,'Morgan','MacKay','morgan','writer'),(493,'Trevor','Phillips','trevor','writer'),(497,'Phoebe','Priest','phoebe','writer'),(501,'Daeja','Sutherland','daeja','writer'),(505,'Elliot','Thoburn','elliot','writer'),(509,'Lucas','Thomson-Fiddes','lucas','writer'),(513,'Jessica','Ulster','jessica','writer'),(517,'Teadora','Vescio','teddy','writer'),(521,'Niku','Zimmerman','niku','writer'),(525,'Jude','Bale Cooper','jude','writer'),(529,'Allie','Berstein','allieb','writer'),(533,'Jamie','Bogert','jamie','writer'),(537,'Charlotte','Dixon','charlotte','writer'),(541,'Robert','Egge','bert','writer'),(545,'Saffi','Friesen','saffi','writer'),(549,'Simone','Geggie','simone','writer'),(553,'Josh','Ghan','joshg','writer'),(557,'Massimo','Giannone','massi','writer'),(561,'Kay','Goffenberg','kay','writer'),(565,'Nora','Hodgson','nora','writer'),(569,'Michael','Ianno','michaeli','writer'),(573,'Alastair','Kreidie-Akazaki','alastair','writer'),(577,'Noah','Limpert','noah','writer'),(582,'Steffany','Lung','steffany','writer'),(586,'Evelyn','Mang','evelyn','writer'),(590,'Marissa','Miller Sommer','marissa','writer'),(594,'Erica','Pin','erica','writer'),(598,'Rafee','Rahman','rafee','writer'),(602,'Rayne','Sutherland','rayne','writer'),(606,'Mateu','Villanueava Merali','Mateu','writer'),(610,'Jalyn','Young','jalyn','writer'),(614,'Palmer','Zukerman Schure','palmer','writer'),(618,'Tien','Coyle','tien','writer'),(622,'Josh','Der','joshd','writer'),(626,'Will','Dobson','will','writer'),(630,'Owen','Finlay','owen','writer'),(634,'Avital','Fogel','avi','writer'),(638,'Cleo','Geggie','cleo','writer'),(642,'Alana','Hodgson','alana','writer'),(646,'Camille','Humphrey','camille','writer'),(650,'Hank','Kohn','hank','writer'),(654,'Jacob','Lepp','jacob','writer'),(658,'Jared','Liszauer','jared','writer'),(663,'Oliver','Luke','oliver','writer'),(667,'Elias','McKeon-Shaw','elias','writer'),(671,'Andrew','Mun-Shimoda','andrew','writer'),(675,'Mei Wa','Parkin','mei','writer'),(679,'Amy','Quach','amy','writer'),(683,'Julian','Ray','julian','writer'),(687,'Esme','Sanders','esme','writer'),(691,'Honor','Stantonq','honor','writer'),(695,'Ashley','Tinney','ashley','writer'),(699,'Ben','Waese-Perlman','benwp','writer'),(703,'Saskia','Wills','saskia','writer'),(827,'Richard','Messina','richardm','editor'),(2377,'Bodong','Chen','bodong','manager'),(2928,'Maya','Low','mayal','writer'),(3752,'Andrew','Devine','andrewd','writer'),(4381,'Sarah','Naqvi','sarahn','manager'),(7099,'monica','resendes','monica','editor'),(10323,'Jianwei','Zhang','jianwei2','manager');
/*!40000 ALTER TABLE `author_table` ENABLE KEYS */;
UNLOCK TABLES;

--
-- Table structure for table `group_author`
--

DROP TABLE IF EXISTS `group_author`;
/*!40101 SET @saved_cs_client     = @@character_set_client */;
/*!40101 SET character_set_client = utf8 */;
CREATE TABLE `group_author` (
  `author_id` int(11) default NULL,
  `group_id` int(11) default NULL
) ENGINE=MyISAM DEFAULT CHARSET=latin1;
/*!40101 SET character_set_client = @saved_cs_client */;

--
-- Dumping data for table `group_author`
--

LOCK TABLES `group_author` WRITE;
/*!40000 ALTER TABLE `group_author` DISABLE KEYS */;
INSERT INTO `group_author` VALUES (2,1),(42,1),(2377,1),(4381,1),(10323,1),(82,116),(121,116),(125,116),(129,116),(133,116),(137,116),(827,116),(3752,116),(201,141),(205,141),(209,141),(213,141),(217,141),(221,141),(225,141),(229,141),(233,141),(237,141),(241,141),(245,141),(249,141),(253,141),(257,141),(261,141),(265,141),(269,141),(273,141),(277,141),(281,141),(285,141),(7099,141),(337,145),(341,145),(345,145),(349,145),(353,145),(357,145),(361,145),(365,145),(369,145),(373,145),(377,145),(381,145),(385,145),(389,145),(393,145),(397,145),(401,145),(405,145),(409,145),(413,145),(417,145),(421,145),(437,149),(441,149),(445,149),(449,149),(453,149),(457,149),(461,149),(465,149),(469,149),(473,149),(477,149),(481,149),(485,149),(489,149),(493,149),(497,149),(501,149),(505,149),(509,149),(513,149),(517,149),(521,149),(525,153),(529,153),(533,153),(537,153),(541,153),(545,153),(549,153),(553,153),(557,153),(561,153),(565,153),(569,153),(573,153),(577,153),(582,153),(586,153),(590,153),(594,153),(598,153),(602,153),(606,153),(610,153),(614,153),(618,157),(622,157),(626,157),(630,157),(634,157),(638,157),(642,157),(646,157),(650,157),(654,157),(658,157),(663,157),(667,157),(671,157),(675,157),(679,157),(683,157),(687,157),(691,157),(695,157),(699,157),(703,157),(2928,157);
/*!40000 ALTER TABLE `group_author` ENABLE KEYS */;
UNLOCK TABLES;

--
-- Table structure for table `group_table`
--

DROP TABLE IF EXISTS `group_table`;
/*!40101 SET @saved_cs_client     = @@character_set_client */;
/*!40101 SET character_set_client = utf8 */;
CREATE TABLE `group_table` (
  `idgroup` int(11) NOT NULL,
  `title` varchar(45) default NULL,
  PRIMARY KEY  (`idgroup`)
) ENGINE=InnoDB DEFAULT CHARSET=utf8;
/*!40101 SET character_set_client = @saved_cs_client */;

--
-- Dumping data for table `group_table`
--

LOCK TABLES `group_table` WRITE;
/*!40000 ALTER TABLE `group_table` DISABLE KEYS */;
INSERT INTO `group_table` VALUES (1,'Sample Group'),(116,'Teachers'),(141,'Grade 2'),(145,'Grade 3'),(149,'Grade 4'),(153,'Grade 5/6 Ben'),(157,'Grade 5/6 Julia');
/*!40000 ALTER TABLE `group_table` ENABLE KEYS */;
UNLOCK TABLES;

--
-- Table structure for table `note_note`
--

DROP TABLE IF EXISTS `note_note`;
/*!40101 SET @saved_cs_client     = @@character_set_client */;
/*!40101 SET character_set_client = utf8 */;
CREATE TABLE `note_note` (
  `fromnoteid` int(11) default NULL,
  `tonoteid` int(11) default NULL,
  `linktype` varchar(45) default NULL,
  KEY `fromid_FK` (`fromnoteid`)
) ENGINE=InnoDB DEFAULT CHARSET=utf8;
/*!40101 SET character_set_client = @saved_cs_client */;

--
-- Dumping data for table `note_note`
--

LOCK TABLES `note_note` WRITE;
/*!40000 ALTER TABLE `note_note` DISABLE KEYS */;
INSERT INTO `note_note` VALUES (2923,2919,'annotates'),(3376,2775,'annotates'),(9511,9499,'annotates'),(1148,967,'buildson'),(1160,955,'buildson'),(1288,1148,'buildson'),(1409,948,'buildson'),(1486,967,'buildson'),(1684,955,'buildson'),(1822,1740,'buildson'),(1998,979,'buildson'),(1882,967,'buildson'),(1980,1148,'buildson'),(2001,1486,'buildson'),(2017,1740,'buildson'),(1954,967,'buildson'),(1642,1302,'buildson'),(2183,2088,'buildson'),(2096,1954,'buildson'),(3121,2938,'buildson'),(3011,2775,'buildson'),(3100,2938,'buildson'),(3143,3011,'buildson'),(3177,2864,'buildson'),(3242,3100,'buildson'),(3313,3056,'buildson'),(3154,3100,'buildson'),(3280,2792,'buildson'),(3269,2714,'buildson'),(3465,2788,'buildson'),(3470,2775,'buildson'),(3514,3465,'buildson'),(4796,4672,'buildson'),(4917,4678,'buildson'),(4940,4672,'buildson'),(5030,4796,'buildson'),(5021,1882,'buildson'),(4977,2183,'buildson'),(5134,2096,'buildson'),(4990,4924,'buildson'),(5423,1409,'buildson'),(5412,1514,'buildson'),(5472,2111,'buildson'),(5400,4924,'buildson'),(5418,4990,'buildson'),(5482,1998,'buildson'),(5851,5400,'buildson'),(5875,5418,'buildson'),(5810,2111,'buildson'),(5960,5418,'buildson'),(5681,5400,'buildson'),(6000,1458,'buildson'),(5988,5400,'buildson'),(5601,5021,'buildson'),(6037,5423,'buildson'),(6124,5960,'buildson'),(5950,5412,'buildson'),(5883,5423,'buildson'),(6093,6037,'buildson'),(6337,5013,'buildson'),(6299,5950,'buildson'),(6353,5950,'buildson'),(6615,4651,'buildson'),(6719,4672,'buildson'),(6786,4694,'buildson'),(6753,4694,'buildson'),(7363,7317,'buildson'),(7508,7363,'buildson'),(7410,7317,'buildson'),(7447,7317,'buildson'),(7595,7390,'buildson'),(7916,7784,'buildson'),(7992,7317,'buildson'),(7979,7317,'buildson'),(8083,8043,'buildson'),(8048,7848,'buildson'),(8070,7879,'buildson'),(8432,7866,'buildson'),(8536,5030,'buildson'),(8637,8043,'buildson'),(8619,4694,'buildson'),(8483,4694,'buildson'),(8601,6627,'buildson'),(8745,4940,'buildson'),(8716,8536,'buildson'),(8583,4995,'buildson'),(8848,8320,'buildson'),(9032,4645,'buildson'),(9060,8536,'buildson'),(9014,6719,'buildson'),(9204,5258,'buildson'),(9225,8609,'buildson'),(9499,6627,'buildson'),(8913,8536,'buildson'),(8909,8536,'buildson'),(9923,4782,'buildson'),(10033,6627,'buildson'),(10099,9942,'buildson'),(10192,4694,'buildson'),(6915,6931,'references'),(7508,7420,'references'),(9644,9652,'references'),(9666,9676,'references'),(10712,3465,'buildson'),(10903,9686,'buildson'),(10993,3056,'buildson'),(11061,3465,'buildson'),(10893,2741,'buildson'),(11256,3143,'buildson'),(11088,2839,'buildson'),(11291,3298,'buildson'),(11702,11212,'buildson'),(10885,11481,'buildson'),(11647,3280,'buildson'),(10973,2938,'buildson'),(11847,10993,'buildson'),(12154,11212,'buildson'),(11966,9673,'buildson'),(12237,9692,'buildson'),(11772,10712,'buildson'),(12556,11307,'buildson'),(12159,11995,'buildson'),(11924,10786,'buildson'),(12635,11772,'buildson'),(12697,12635,'buildson'),(12943,6989,'buildson'),(12960,6989,'buildson'),(12956,6989,'buildson'),(12980,6989,'buildson'),(13014,7006,'buildson'),(12922,7006,'buildson'),(13124,6994,'buildson'),(13075,7006,'buildson'),(13048,6989,'buildson'),(13153,13003,'buildson'),(13131,13003,'buildson'),(13107,6994,'buildson'),(13180,13003,'buildson'),(13071,13003,'buildson'),(13255,13153,'buildson'),(13252,13153,'buildson'),(13351,13124,'buildson'),(13364,13003,'buildson'),(13485,13003,'buildson'),(13516,13258,'buildson'),(13577,13351,'buildson'),(13635,13593,'buildson'),(13612,13258,'buildson'),(13680,13577,'buildson'),(13667,13388,'buildson'),(13457,13258,'buildson'),(13583,13388,'buildson'),(13709,13599,'buildson'),(13803,13756,'buildson'),(13738,13593,'buildson'),(14196,13994,'buildson'),(14153,13107,'buildson'),(14117,13990,'buildson'),(14238,6989,'buildson'),(14376,13003,'buildson'),(14244,13216,'buildson'),(14429,14215,'buildson'),(14187,13994,'buildson'),(14399,6994,'buildson'),(14484,13003,'buildson'),(14416,13258,'buildson'),(14360,14215,'buildson'),(14507,14215,'buildson'),(14096,13003,'buildson'),(14373,13003,'buildson'),(14725,14741,'buildson'),(14803,14741,'buildson'),(14689,4661,'buildson'),(15727,4672,'buildson'),(15755,4665,'buildson'),(15791,4665,'buildson'),(16323,14215,'buildson'),(16353,13255,'buildson'),(16303,14153,'buildson'),(16447,14244,'buildson'),(16478,13583,'buildson'),(16467,16353,'buildson'),(16338,13994,'buildson'),(16522,14096,'buildson'),(16249,13364,'buildson'),(16473,13364,'buildson'),(16711,13803,'buildson'),(16484,16315,'buildson'),(16703,13756,'buildson'),(16622,16249,'buildson'),(16717,16703,'buildson'),(16662,16478,'buildson'),(16787,13216,'buildson'),(16686,13388,'buildson'),(16641,16489,'buildson'),(16561,13593,'buildson'),(16439,16360,'buildson'),(16796,16360,'buildson'),(16646,16360,'buildson'),(16985,14215,'buildson'),(16862,16360,'buildson'),(16952,13003,'buildson'),(16969,16360,'buildson'),(16808,13003,'buildson'),(16931,13186,'buildson'),(17101,16898,'buildson'),(17280,14399,'buildson'),(17313,6994,'buildson'),(17245,13990,'buildson'),(17319,14404,'buildson'),(17368,13003,'buildson'),(17387,14215,'buildson'),(17432,16985,'buildson'),(17409,6989,'buildson'),(17440,14244,'buildson'),(17470,16898,'buildson'),(17938,9923,'buildson'),(18036,17938,'buildson'),(17838,9931,'buildson'),(18026,10224,'buildson'),(19117,18998,'buildson'),(19207,6322,'buildson'),(19166,5400,'buildson'),(19267,2111,'buildson'),(19393,6322,'buildson'),(19383,19267,'buildson'),(19463,19393,'buildson'),(19542,8946,'buildson'),(19693,7006,'buildson'),(19993,19191,'buildson'),(20307,19383,'buildson'),(20079,19993,'buildson'),(20503,20079,'buildson'),(20301,20503,'buildson'),(20722,20301,'buildson'),(20726,5139,'buildson'),(20612,20722,'buildson'),(20978,20612,'buildson'),(20618,20978,'buildson'),(20985,20618,'buildson'),(22382,22186,'annotates'),(22186,19038,'buildson'),(22193,979,'buildson'),(22275,22186,'buildson'),(22262,22186,'buildson'),(22466,19405,'buildson'),(22647,22275,'buildson'),(22585,18773,'buildson'),(22606,18453,'buildson'),(22624,22262,'buildson'),(22635,4932,'buildson'),(22406,18989,'buildson'),(22576,22466,'buildson'),(22748,22635,'buildson'),(24790,24786,'annotates'),(23070,11256,'buildson'),(23360,22993,'buildson'),(23475,2976,'buildson'),(23780,2762,'buildson'),(23762,23405,'buildson'),(23876,3298,'buildson'),(23754,12528,'buildson'),(24179,8292,'buildson'),(24234,8432,'buildson'),(24224,8455,'buildson'),(24163,8432,'buildson'),(24301,7317,'buildson'),(24353,24165,'buildson'),(24251,24085,'buildson'),(24318,8432,'buildson'),(24411,24047,'buildson'),(24416,24147,'buildson'),(24360,24147,'buildson'),(24114,7447,'buildson'),(24482,24085,'buildson'),(24516,24047,'buildson'),(24513,24047,'buildson'),(24547,7623,'buildson'),(24564,8292,'buildson'),(24647,7866,'buildson'),(24714,7832,'buildson'),(24571,24451,'buildson'),(24602,24564,'buildson'),(24786,7317,'buildson'),(24719,24564,'buildson'),(24818,7808,'buildson'),(24701,24251,'buildson'),(24040,7447,'buildson'),(24829,24637,'buildson'),(25071,24973,'buildson'),(25197,24147,'buildson'),(25374,24973,'buildson'),(25405,24047,'buildson'),(25411,25108,'buildson'),(25491,25053,'buildson'),(25603,8292,'buildson'),(25418,24829,'buildson'),(25630,7784,'buildson'),(25672,25150,'buildson'),(25712,24451,'buildson'),(26366,13003,'buildson'),(26504,7006,'buildson'),(25926,25947,'references'),(26726,26663,'buildson'),(28974,4694,'buildson'),(28980,14922,'buildson'),(29053,18176,'buildson'),(29288,4694,'buildson'),(29324,4694,'buildson'),(29329,29009,'buildson'),(29470,4782,'buildson');
/*!40000 ALTER TABLE `note_note` ENABLE KEYS */;
UNLOCK TABLES;

--
-- Table structure for table `note_table`
--

DROP TABLE IF EXISTS `note_table`;
/*!40101 SET @saved_cs_client     = @@character_set_client */;
/*!40101 SET character_set_client = utf8 */;
CREATE TABLE `note_table` (
  `noteid` int(11) NOT NULL,
  `notetitle` varchar(200) default NULL,
  `notecontent` text,
  `createtime` datetime default NULL,
  PRIMARY KEY  (`noteid`)
) ENGINE=InnoDB DEFAULT CHARSET=utf8;
/*!40101 SET character_set_client = @saved_cs_client */;

--
-- Dumping data for table `note_table`
--

LOCK TABLES `note_table` WRITE;
/*!40000 ALTER TABLE `note_table` DISABLE KEYS */;
INSERT INTO `note_table` VALUES (774,'','','2012-09-24 10:51:13'),(948,'Batteries','what powers a battery? How do batteries work?  ','2012-09-27 10:40:22'),(955,'Metal versus plastic and wood','Why does metal react better to electricity than wood or plastic?  ','2012-09-27 10:43:09'),(967,'energy without batteries','How can we create energy without a battery?  ','2012-09-27 10:46:16'),(979,'How batteries work','is that protons and electrons are in two parts of the battery, the positive and negative energy. When thay are connected to the light bulb it lights up because of the positive and negative energy jumbling around in the light bulb.  ','2012-09-27 10:47:44'),(984,'Positive and negative energy','Positive energy comes from one side of the battery, and negative energy comes from the other. And the need to meet at the lightbulb for it to work.  ','2012-09-27 10:49:16'),(1020,'magnets and electricity','The shake-it-up flashlight is proof that magnets can generate electricity. is that the magnet is positive and negative in its two sides, sort of like a battery, in a way. If negative and negative are put against each other, they repel each other, and positive and positive create the same effect. The magnet rubbing against the wire creates friction and electricity.','2012-09-27 11:04:58'),(1027,'','','2012-09-27 11:23:45'),(1148,'Twisty thing','is that you can use that twisty thing that Nora and Marissa used. I think it works because when you turn the crank on the twisty thing that it creates static electricity inside the twisty thing and something inside it turns the static electricity into regular electricity and then the electricity comes out of the twisty thing and through the wire into whatever your powering  ','2012-09-27 11:33:39'),(1160,'Traveling Energy','is that metal conducts electricity just as well as the tin foil tape. Also plastic doesn\'t transfer the energy from place to place because the energy can\'t travel through. With wood it\'s the same.  ','2012-09-27 11:32:31'),(1177,'','','2012-09-27 11:32:13'),(1181,'','','2012-09-27 11:33:24'),(1198,'','','2012-09-27 11:34:39'),(1225,'flowing energy','how does energy flow through wires and to different places connected to everything else in the circut. we think that the pausitive and the negitive energy comes from the battery ( we dont know how) to the wires and then it goes through them to the thing you are trying to put electricity into.  ','2012-09-27 11:35:29'),(1256,'','','2012-09-27 11:34:32'),(1262,'','','2012-09-27 11:36:27'),(1268,'','','2012-09-27 11:35:22'),(1271,'','','2012-09-27 11:35:22'),(1275,'','','2012-09-27 11:34:40'),(1280,'','','2012-09-27 11:35:21'),(1288,'?','what is a twisty thing again?\nIs it that thing that is clipped to the wires?','2012-09-27 11:36:33'),(1292,'','hello my name is rayne i w','2012-09-27 11:37:42'),(1302,'energy','is that when the positive and negative come to gether they explode with opisites and make energy  ','2012-09-27 11:37:28'),(1305,'','','2012-09-27 11:35:22'),(1322,'','','2012-09-27 11:37:00'),(1371,'','','2012-09-27 11:36:49'),(1399,'','','2012-09-27 11:36:27'),(1409,'whats inside a battery','is that there is a very mini battery inside the battery and it is surrounded in charging juice that keeps charging the mini battery and then it works    ','2012-09-27 11:36:43'),(1432,'','','2012-09-27 11:37:00'),(1458,'Generating Energy','how does solar energy work? Does it mean that the sun generates electricity too? If it does how could we use it in class just as we use batterys? Also, if batterys burn out once the sun is in one spot and is constantly generating energy will it eventually burn out?   ','2012-09-27 11:37:47'),(1486,'power','i think that you can use soler power','2012-09-27 11:42:58'),(1498,'','','2012-09-27 11:38:00'),(1510,'','','2012-09-27 11:38:45'),(1514,'positive and negative energy?',' why do machines need positive and negative energy what type of energy does the negative wire give and what does positive energy do. I think that they are like brothers.     ','2012-09-27 11:38:57'),(1589,'','','2012-09-27 11:41:37'),(1617,'','','2012-09-27 11:40:12'),(1625,'','','2012-09-27 11:41:12'),(1628,'','','2012-09-27 11:41:12'),(1642,'adding one to energey','i agree, there is a wire in the bulb of the light, i think there is a sort of dam at the centre so it stops the positive\negative if it gets there before the other, then, when they meet, it explodes :)','2012-09-27 11:43:40'),(1651,'','','2012-09-27 11:41:20'),(1670,'','','2012-09-27 11:43:15'),(1684,'traveling','is that battries are metal which is the same materyal so it conects faster and travels faster ','2012-09-27 11:41:51'),(1715,'','','2012-09-27 11:43:33'),(1727,'','','2012-09-27 11:42:50'),(1740,'? VOLTS ?','Why do batteries have a voltage what does it mean other than more power?','2012-09-27 11:42:53'),(1749,'','','2012-09-27 11:43:57'),(1762,'','','2012-09-27 11:45:02'),(1775,'','','2012-09-27 11:58:23'),(1794,'','','2012-09-27 11:45:28'),(1798,'','','2012-09-27 11:45:30'),(1822,'higher voltage batterys','is that not only do the higher voltage batterys have more energy but they also last longer and shine brighter.  ','2012-09-27 11:47:47'),(1844,'','','2012-09-27 11:45:31'),(1847,'','','2012-09-27 11:45:32'),(1853,'bateries','how bateries work  ','2012-09-27 11:45:47'),(1866,'','','2012-09-27 11:46:54'),(1882,'friction/static electricity ','is that maybe if you rub something together it could make friction and maybe that would work. Like when you rub a balloon on your head it makes your hair stand up.  ','2012-09-27 11:47:11'),(1889,'','','2012-09-27 11:46:34'),(1954,'lemon juice is a energy source','there is another energy source and guess what? its lemon juice the grade fives tested that in grade 2 you have to stick a nail on one side and a penny on the other side then you have an energy source to power a light bulb   ','2012-09-27 11:49:33'),(1965,'','','2012-09-27 11:48:58'),(1976,'','','2012-09-27 11:50:38'),(1980,'twisty thing two','i agree because when somthing moves like the twisty thing it creates energey which touches the wires and it will hit the lights ','2012-09-27 11:48:02'),(1986,'','','2012-09-27 11:54:16'),(1994,'','','2012-09-27 11:49:01'),(1998,'chemical reaction','is that there is a lot of chemical reactions that make energy both positive and negative  ','2012-09-27 11:49:02'),(2001,'Powering Things With and Without Batteries','i agree with you Jamie because how would you power anything with out a battery?','2012-09-27 11:49:00'),(2017,'voltage','is that the more voltage there is the more power there is  ','2012-09-27 11:53:19'),(2058,'','','2012-09-27 11:49:40'),(2061,'','','2012-09-27 11:50:04'),(2064,'','','2012-09-27 11:50:04'),(2067,'','','2012-09-27 11:50:04'),(2070,'','','2012-09-27 11:50:04'),(2073,'','','2012-09-27 11:50:04'),(2082,'','','2012-09-27 11:51:13'),(2088,'liquid or solid','how they put the energy inside the batterys and if it\'s a liquid, gas or a solid my theory about this is that they get the energy in tubes and hook it up to a machine to fil the batterys with energy  ','2012-09-27 11:50:08'),(2096,'lemon batterys ','how the lemon batterys work \nlike don\'t you remember when we made those lemon batterys in grade 2 it was strange and they looked weird  ','2012-09-27 11:56:59'),(2108,'','','2012-09-27 11:50:28'),(2111,'big batrie','is that the biger the baterie the more powerfull it is becuase you can put more in the baterie  ','2012-09-27 11:50:28'),(2180,'','','2012-09-27 11:53:35'),(2183,'leaking battery ','is that it could be liquid because when a battery leaks it oozes liquid.   ','2012-09-27 11:53:35'),(2241,'','','2012-09-27 11:56:57'),(2339,'','','2012-09-27 11:58:21'),(2668,'DIM THE LIGHTBULB :)','theres a moter wires moter and a lightbulb. u attach the battery to a lightbulb and then once u put the moter to the battery the lightbulb will dim \n\ni think that happens cause sum of the power in the lightbuld goes to the moter that way less power goes to the lightbulb witch makes it dim  ','2012-09-27 14:18:45'),(2709,'','','2012-09-27 14:20:33'),(2714,'light on pie pen','is that the light won\'t go on.    ','2012-09-27 14:20:29'),(2724,'tin or metal or both','I thing it\'s just metal   ','2012-09-27 14:26:08'),(2741,'Working Circuits','My theory is... that it might work better in a circle, or maybe it just works in a circle and not in a line. Maybe if its not in a circle, then it doesn\'t work at all. Also it may be that the positive (on the battery) and the negitive have to be connected together to work.\n','2012-09-27 14:21:30'),(2753,'Friction vs. Electrons.','I need to understand can friction create the same electricity as used for light bulbs? And if so would you use metal to conduct the electricity.\r\nI also know that the electricity that runs toasters are actually electrons knocking into each other. I think that could possibly be why it makes that glowing red colour. But is friction also a form of electrons?\r\n \r\nTheory: I think that friction may contain electrons or something else like it because I know friction creates heat and I think depending on some certain materials it also creates Static Electricity. I wonder if Static Electricity also can power objects like light bulbs and motors.','2012-09-27 14:21:44'),(2762,'+ and -','is that it cant have the + and - from the same place ','2012-09-27 14:22:15'),(2772,'','','2012-09-27 14:22:31'),(2775,'Batteries','My theory is that batteries store energy and then pass it through wires to whayever componenets you attatch.','2012-09-27 14:22:32'),(2788,'better ways ','I think that the best way to prodouce electrisity is by using the water curents to make electricity. affter all it is nearly imposible to stop the current  ','2012-09-27 14:23:12'),(2792,'house power','is that the energy goes throgh the elctrical wires from the power plant and goes to your house. (how does the energy get generated at the plant?)  ','2012-09-27 14:22:35'),(2805,'','','2012-09-27 14:23:02'),(2839,'water and batterys','is that the light bulb will go out and the battery might not work.  ','2012-09-27 14:27:04'),(2864,'Charging a Battery','is that you could hook a wire from one battery to another empty one and it will charge. because one battery will give its energy to the other.  ','2012-09-27 14:27:47'),(2879,'','','2012-09-27 14:28:24'),(2885,'','','2012-09-27 14:28:12'),(2908,'storeing electristy',' is that the electristy is put into the amd the batery some how holds the electrisity  ','2012-09-27 14:28:47'),(2919,'the lightbulb','is the way the lghtbulb works is that there is some kind of chip inside the lightbulb and the metal is connected to it. And when an energy source reaches the chip, it flows to the two pieses that creat the light  ','2012-09-27 14:28:54'),(2923,'','','2012-09-27 14:32:52'),(2934,'','','2012-09-27 14:30:02'),(2938,'Glass',' is no but I don\'t know why.    ','2012-09-27 14:30:02'),(2976,'+ and -','My theory is that if the positive is connected to the negative isn\'t connected tp the positive, then the electricity won\'t pass through properly and then whatever is trying to power won\'t work.','2012-09-27 14:31:19'),(2986,'pie plates and light bulbs','why if you take a battery and connecet it to some wires and then put lightbulbs on a pie plate and then connect the wires to the pie plate only sometimes will the light bulbs light up when they thouch the pie plate and come into the electrical surge \n\nis that the light bulbs need to be in a ceirtan place and the wires need to be parallel to the ligh bulbs and the positive and negitive need to be matching     \n\n   ','2012-09-27 14:32:02'),(3005,'','','2012-09-27 14:31:39'),(3011,'battery wires','i think that batarries carries enargy so when you use it the component will use the enargy. and maybe there is wires inside the baterrie that wil tell the barrie to work.','2012-09-27 14:32:40'),(3024,'','','2012-09-27 14:32:19'),(3027,'battery+water=???','is yes but I don\'t know why ','2012-09-27 14:32:21'),(3036,'A tin plate','My theory  I\'m not sure whether this would work, or not.    \n','2012-09-27 14:32:33'),(3041,'','','2012-09-27 14:40:19'),(3044,'','','2012-09-27 14:40:20'),(3056,'camille','is that static electricity has something to do with friction  ','2012-09-27 14:32:55'),(3100,'energy','I don\'t think so because glass does not have any metal things inside to conduct energy','2012-09-27 14:35:37'),(3121,'glass on conducter','no glass is not a conducter of electricity because it is just melted down sand','2012-09-27 14:35:33'),(3143,'The battery chip','is that theres a chip inside the helps the energy to flow through   ','2012-09-27 14:37:55'),(3154,'Other Conducters','','2012-09-27 14:38:02'),(3174,'','','2012-09-27 14:37:02'),(3177,'energy tranfer idea',' i dont think that it will work because of the DC (direct current) because it wont go through the battery if you put it the wrong way. If you put it the right way it might work. ','2012-09-27 14:37:02'),(3207,'metal chain and light bulb','is that yes it will turn on depending on the size of the chain.  ','2012-09-27 14:37:13'),(3242,'Other Conducters ','But there are many other conducters.','2012-09-27 14:38:02'),(3263,'','','2012-09-27 14:38:19'),(3269,'Lights on a pie pan works!','I experimented with Honor that the light does work on a pie pan. We got a 9v battery, alligater clips, a pie pan and a mini light bulb. We connected the clip to the pie pan and another alligater clip to the bulb, and then another back to the battery. And the bulb started to brighten. So I think it works','2012-09-27 14:39:03'),(3280,'energy plants','is that they use machines to generate energy. an example of this is like with they flashlights with cranks that hellp generate energy.','2012-09-27 14:40:45'),(3298,'circuits','is that the elictricity has no were to go  ','2012-09-27 14:41:34'),(3313,'little magnets','is that static is sort of like a little magnet and when you rub it and create friction it sort of cues in the little magnets  ','2012-09-27 14:39:32'),(3376,'','','2012-09-27 14:41:37'),(3453,'','','2012-09-27 14:43:16'),(3457,'','','2012-09-27 14:43:40'),(3465,'Wind power','i dont think so because if the water source gets blocked, then you dont get any power. i think that wind is the best.','2012-09-27 14:45:08'),(3470,'DC ','I think that the battery has a different current. my dad says theres a different current  called direct current (DC).','2012-09-27 14:46:50'),(3486,'','','2012-09-27 14:43:42'),(3504,'','','2012-09-27 14:47:54'),(3505,'','','2012-09-27 14:44:03'),(3511,'','','2012-09-27 14:47:58'),(3514,'Water','But sometimes there\'s no wind or the wind is too strong. I think water\'s the best.','2012-09-27 14:47:59'),(3549,'','','2012-09-27 14:46:48'),(4181,'','','2012-09-28 14:29:40'),(4513,'Leyden Jar','- Speed matters. The slower you rub the tube with the fur, the shock will be much bigger. Why does this happen?\n\n- I think that if it is rubbed slowly there are more crackles and crackles = static electricity.\n\n- I used the leyden jar to power a light bulb but it didn\'t work. My theory is that it didn\'t work because rubbing a tube and some fur isn\'t as strong as a battery. I thought it would work because rubbing the tube and the fur would create static electricity and the sucks the power in to move the wire. And when you touch it, it\'s like an escape to the light which lights it up. But I don\'t understand why it didn\'t work a little.\n\n- I think that the leyden jar holds electricity so when you rub the tube with fur close to the nail, the nail picks up electricity and when you touch it you get a shock.\nThe slower you rub it the bigger the shock. I think that happens because more electricity rushes to the top and into the nail. I think the electricity goes through the nail, through the wire, through the tape and back up when you touch it.\nQuestion: I wonder why you have to touch both the tin foil tape and the nail?\nQuestion: Why do you have to touch the tape first?','2012-10-03 18:08:26'),(4518,'Static electricity','- Is static similar to electricity? What makes it similar or different?\n\n- What creates static electricity?\n','2012-10-03 18:13:36'),(4522,'Lightbulb and foil tape','- If you put a battery on the foil tape with a light bulb the bulb will light up but only if the connection is strong.  So the tape may be acting as wires, that\'s why there need to be 2 pieces of tape to transmit the negative and positive energy. I tried putting the light bulb and battery on the same piece of foil and it did not work. \n\n- If you\'re going to have more than one battery, the positive and negative sides have to be matching. I think the reason why the electrical tape works is because it has something in it which helps the electrical tape carry the electricity over like wires do.\n\n- I think that when the battery touches the tape the electricity flows to the light bulb. When you add more light bulb the other light bulbs take the electricity and that is why it gets dimmer. i think it\'s because the tape doesn\'t let a lot of electricity flow so it makes it easy to get dim. I think that it doesn\'t work when there is something in the middle because it stops it from flowing. It just goes in a circle so it won\'t reach the light bulb.\nQuestion: I wonder if it would work if you only use one piece of tape and put everything on its side.','2012-10-03 18:23:56'),(4526,'Magnetism','- Why isn\'t the iron attracted to the other side of the magnet? I think the magnet just doesn\'t conduct electricity. I think the iron doesn\'t clump because there\'s no pressure on it. \n\n- The fork works as a magnet, this happens because of the electricity running through the metal fork that attracts metal objects. When we tried with 6 volts it didn\'t work that well, so we did it with 12 volts and it worked perfectly.\n\n- Why does a magnet need a positive and negative side? Are magnets the only thing that attracts iron?','2012-10-03 18:25:02'),(4645,'brds',' birds can fliy  ','2012-10-04 11:47:38'),(4651,'birds',' waet ir birds  ','2012-10-04 11:52:23'),(4661,'wer birds came fram','i nead to understand war brds came fram and wiy ther are so meny difrent cinds of them  and what birds are made of  ','2012-10-04 11:49:08'),(4665,'wer berds came fram','wer did brds cam fram and wiy ther are so mene diffrint tips of Birds  ','2012-10-04 11:58:04'),(4668,'','','2012-10-04 11:47:44'),(4672,'humm ing birds','   how do humming birds go 200 flaps  per second ','2012-10-04 11:47:59'),(4678,'Birds Fly','how can birds fly  ','2012-10-04 11:47:42'),(4690,'','','2012-10-04 11:47:37'),(4694,'fliy','why doow brds fliy  ','2012-10-04 11:47:54'),(4739,'fliying',' haew dow  birds fliy  ','2012-10-04 11:56:13'),(4745,'','','2012-10-04 12:01:43'),(4772,'','','2012-10-04 11:56:06'),(4778,'male or female','how do you now femal or male  ','2012-10-04 11:57:48'),(4782,'how many birds are in the whole country',' how many birds are in the whole country  ','2012-10-04 11:56:21'),(4789,'','','2012-10-04 12:01:15'),(4796,'humming birds2','I think that that means they would be very tired  ','2012-10-04 11:58:04'),(4826,'','','2012-10-04 11:58:01'),(4832,'','','2012-10-04 11:59:07'),(4848,'','','2012-10-04 11:58:28'),(4877,'birds','why doow brds live?  ','2012-10-04 12:00:35'),(4900,'leyden ','','2012-10-04 12:01:27'),(4917,'blood pumps',' I think that blood pumps into the wings  ','2012-10-04 12:01:44'),(4924,'yolo','what colour(s) electrons, nutrons and protons are?    ','2012-10-04 12:01:28'),(4932,'colours!!!!!!!!!','what colour(s) nutrons, electrons and protrons are?  ','2012-10-04 12:10:14'),(4940,'Hummingbirds 3','theay jast flap so fast','2012-10-04 12:02:34'),(4977,'electrical fluids','ya, I think there\'s a very thin needle that ingects the battery casing with an electrical fluid. And once when my brother was switching a battery pack in his camera, and there was blueish greenish moldy liquid coming out of it. ewwwwww','2012-10-04 12:04:26'),(4990,'Maybe...','ok so i think there very colourful like different \ncolours maybe the rainbow. but i think it would be hard to tell what colour it is cause its so small. but idk.\n:P','2012-10-04 12:09:09'),(4995,'hit the glass','how do birds hit the glass  ','2012-10-04 12:02:30'),(5013,'Electricity','  I\'m not sure if someone already contributed this but I think that some electricity comes from the pressure of the niagra falls because they turn it into electricity or something. ','2012-10-04 12:04:36'),(5021,'negative and positive energy',' is that the thing you discribed as friction is static i think it makes your hair stand up because your hair has positive electricity and when you rub the baloon to your hair the balloon gets negative energy and then your hair gets attracted to the balloon  ','2012-10-04 12:03:44'),(5030,'humming birds 3','they would be cold  ','2012-10-04 12:03:51'),(5042,'Why a leyden jar hurts???','why when you rub beside the leyden jar it makes electric noises. Also why does the jar shock you when you touch it? is that the negitive and possitive are trying to get out because there too close together.    ','2012-10-04 12:06:09'),(5055,'','','2012-10-04 12:09:34'),(5114,'','','2012-10-04 12:07:32'),(5117,'','','2012-10-04 12:07:34'),(5120,'','','2012-10-04 12:07:34'),(5134,'potato clock','i read in a few books on how to make a potato clock. hahaha','2012-10-04 12:08:37'),(5139,'magnetism and electricity','what does magnetism have to do with electricity? I mean, i sorta understand, but not really.  ','2012-10-04 12:10:18'),(5241,'','','2012-10-04 12:11:34'),(5258,'adoms without electrons','i wonder if an adom can not have eletrons, nutrons or protons','2012-10-04 12:15:36'),(5280,'','','2012-10-04 12:14:44'),(5354,'','','2012-10-04 12:08:49'),(5376,'','','2012-10-04 12:10:15'),(5380,'','','2012-10-04 12:10:18'),(5400,'adoms are colourful','Adoms are randomly coloured','2012-10-04 12:09:40'),(5412,'Positive & Negative','if you take aa positive and a positive it wont work because you need like a bit of both. so if you have a positive and a negative it evens out.\n\nRayne','2012-10-04 12:10:54'),(5418,'Colors','I think that they can probably be any kind of coulor because it\'s not just a certain kind of coulor they can always change. It wont always be the same.\n\nRayne','2012-10-04 12:13:16'),(5420,'','','2012-10-04 12:10:05'),(5423,'mini mini battery','is that maybe ther is a mini mini battery inside the mini battery.  ','2012-10-04 12:10:05'),(5468,'','','2012-10-04 12:11:20'),(5472,'big batterie','i recpectfully disagree because the huge battery only had 6 volts but the small one has 9','2012-10-04 12:11:34'),(5482,'Green liquid essence','Maybe there are things smaller than atoms that we haven\'t discovered yet, that are made of some sort of liquid base, and that are the essence of electricity. I think that there is more to this than just neutrons, protons, and electrons that create power.','2012-10-04 12:12:14'),(5487,'light',' why when the negitive and positive energy come together it creates light','2012-10-04 12:11:09'),(5490,'','','2012-10-04 12:11:09'),(5524,'','','2012-10-04 12:16:05'),(5530,'','','2012-10-04 12:12:52'),(5533,'','','2012-10-04 12:12:55'),(5536,'','','2012-10-04 12:12:59'),(5572,'','','2012-10-04 12:15:32'),(5595,'','','2012-10-04 12:13:11'),(5601,'reaction','I agree with you about your theory. I think that when your hair gets attracted to the balloon it doesn\'t want to give away but the energy can only stretch so far. So when you pull it away all the hair still has the reaction in it. Because when you take it away it still sticks out.','2012-10-04 12:13:58'),(5660,'atoms','when a atom has no electrons what hat hapens   ','2012-10-04 12:13:01'),(5674,'','','2012-10-04 12:13:17'),(5681,'Just an Idea','maybe they have certain colors for different things like if you were to powere a boombox it would be blue and yellow or if you were to power a computer it would be black and white. or it would be colored on how much energy you need. Just an idea.\n\nRayne','2012-10-04 12:15:13'),(5731,'','','2012-10-04 12:15:16'),(5743,'','','2012-10-04 12:26:25'),(5747,'','','2012-10-04 12:27:06'),(5771,'','','2012-10-04 12:18:38'),(5774,'body = wire','is: i think that your body acts as a wire. like in the tazer thing, your body is carrying the electrons. BTW please stop moving the notes. ( simone and rayne)   ','2012-10-04 12:18:38'),(5779,'','','2012-10-04 12:15:14'),(5810,'small batterys','our theory is thatthe battery doesn\'t have to be big to have more power for example the 6 volt batterys are way bigger than the 9 volt batterys are smaller and they hold more voltage which means more power  ','2012-10-04 12:15:34'),(5851,'lightning','I think that atoms are very bright but have no  colour like lightning.','2012-10-04 12:16:18'),(5855,'the ZAP of lighning','I wonder how lightning is generated, and what its chemical combination is.','2012-10-04 12:22:09'),(5858,'lyden jar',' I think that when all the electrons are in the jar, they all want to get out because they are all negitive energy. So when you fingers touch the tinfoil tape and the nail it creates a way for most of the electrons to escape.  ','2012-10-04 12:16:06'),(5875,'i need to understand...','what are you guys talking about? adoms? if so, idk what colour they are  ','2012-10-04 12:17:12'),(5883,'mini batterries','is that the mini batteries and the mini mini batteries indide a mini battery which is really inside a normal-sized battery kind of remind me of those russian nesting dolls, but I don\'t think the mini battery theory is true  ','2012-10-04 12:21:16'),(5886,'electrons & fingers','When the electricity is in the leyden jar and it comes out throught the wire into your finger, how do the electrons travel through the wire and into your finger?','2012-10-04 12:19:21'),(5889,'','','2012-10-04 12:19:22'),(5899,'','','2012-10-04 12:19:01'),(5902,'','','2012-10-04 12:19:02'),(5908,'','','2012-10-04 12:17:49'),(5911,'slower and faster','  why when you rub the tube with the fur slower it makes a bigger shock from the leyden jar then when you rub it faster.    ','2012-10-04 12:17:49'),(5946,'','','2012-10-04 12:20:35'),(5950,'i think soo','I agree. even though positive and positive are like family they ont want to spend time togetha and they just want to hang out with the cool people/negative. ','2012-10-04 12:20:38'),(5953,'','','2012-10-04 12:18:48'),(5957,'','','2012-10-04 12:18:49'),(5960,'to small','I dont think it would have a coulor because it would be to small to see','2012-10-04 12:18:50'),(5973,'','','2012-10-04 12:18:42'),(5977,'','','2012-10-04 12:19:10'),(5988,'no','no there not','2012-10-04 12:21:41'),(5993,'','','2012-10-04 12:19:04'),(5997,'','','2012-10-04 12:19:06'),(6000,'sun energy','i think that the sun creates so that it makes energy.','2012-10-04 12:19:07'),(6037,'mini battery','that is the exact same thing that I said ','2012-10-04 12:21:49'),(6093,'not really','No, they said that inside the mini battery, which is what you said, is a mini, mini battery. But ya, sort of','2012-10-04 12:24:51'),(6124,'Small things','maybe but it would be really small but you have no proof\n\nrayne','2012-10-04 12:22:32'),(6198,'','','2012-10-04 12:27:05'),(6299,'Ok','I guess thats  a way to put it but ok','2012-10-04 12:27:56'),(6322,'why?','why electrons are negative and protons are positive? is that just how they are? or is there a reason for it?   ','2012-10-04 12:30:29'),(6324,'','','2012-10-04 12:27:23'),(6334,'','','2012-10-04 12:28:04'),(6337,'interesting... :P','i don\'t uderstand what your talking about, but interesting... :P','2012-10-04 12:28:04'),(6353,'I agree, but why?','I agree that the positive are like a group of people that are all exactly the same and dont want to be around these poeple every single day. THey want to go and be with the other different people/negatives. WHY don\'t the positives go together?  ','2012-10-04 12:28:31'),(6407,'','','2012-10-04 12:30:30'),(6597,'','','2012-10-05 11:46:45'),(6601,'fliing','wich part of a crow helps it fly','2012-10-05 11:47:40'),(6615,'Flying thingys','they are fliying things with fethers  ','2012-10-05 11:48:22'),(6624,'','','2012-10-05 11:46:41'),(6627,'posenis','3 brds are poseanis','2012-10-05 11:46:44'),(6644,'Hollo bones','  why Birds have hollo bones  ','2012-10-05 11:47:59'),(6660,'pretrs','wut are birds predrs  ','2012-10-05 11:50:37'),(6678,'','','2012-10-05 11:50:23'),(6682,'huming bids','how huming falp 200 times a second  ','2012-10-05 11:57:31'),(6688,'wiy da brds flie','wiy brds fliy  ','2012-10-05 11:50:18'),(6693,'bards','hawbrds flie  ','2012-10-05 11:59:50'),(6715,'','','2012-10-05 11:52:45'),(6719,'thayedonet','thaye dowtthaye flap onelee 1ooflaps','2012-10-05 11:53:42'),(6733,'food','how do hummingbirds eat food with their beek  ','2012-10-05 11:56:38'),(6753,'Fly','but not all bird fliy  ','2012-10-05 12:00:53'),(6786,'servive','so thay can servive  ','2012-10-05 11:58:34'),(6833,'','','2012-10-05 12:02:10'),(6887,'','','2012-10-05 12:07:47'),(6904,'','','2012-10-05 12:43:28'),(6915,'Magnetism','Add text here \n\n','2012-10-05 12:47:18'),(6989,'Marine Pollution','How does water get polluted?  ','2012-10-07 18:57:31'),(6994,'Water Smell','Why did some of the water samples start to smell like eggs?  ','2012-10-07 18:58:10'),(7006,'Access to Water',' Why don\'t people across the world have equal access to water?  ','2012-10-07 18:59:02'),(7154,'','','2012-10-10 11:01:59'),(7163,'','','2012-10-10 11:03:11'),(7317,'  how did the food get here',' how  the food got here.  ','2012-10-11 10:00:58'),(7335,'environment ','the food needs a woam environment. \n\n\n : by cole !!!!!!!!!!!!!!!!!!!!!!','2012-10-11 10:04:11'),(7359,'','','2012-10-11 10:04:48'),(7363,'here the food get here','it was sipt here or was turk here or a plan flwe it here  ','2012-10-11 10:04:51'),(7379,'','','2012-10-11 10:05:35'),(7383,'ANSWER TO MARTEA','is that A truck brot it to A groshree stor.And Sarha brot it to JICS.  ','2012-10-11 10:11:30'),(7390,'why do we not get a lot of food','why don\'t we grow a lot of food  ','2012-10-11 10:13:05'),(7410,'Were the food came from.','I think if the food came from a island it was shiped here. If the food the food did not come from a island it was flon here, or the food was drivin here.  ','2012-10-11 10:05:58'),(7420,'Why we get food from other places','My theory is that we get food from other places because...\r\rwe don\'t, sometimes we don\'t get food from places. Because the places might be nice or something. ','2012-10-11 10:07:06'),(7424,'','','2012-10-11 10:08:47'),(7440,'WHY WE CANT GROW ALL FRUITS HERE!!!!!!!!!!!!!!!!!','i think that some food can grow here like apples because they dont need such a warm climate and foods like mangos cant grow here is because they need a warm climate and places like the north pole and the south pole cant grow any fruits and veg there  ','2012-10-11 10:06:58'),(7447,'HOW THE FRUITS GOT HERE!!!!!!','the food could of gotten here by boat,truk,ship  ','2012-10-11 10:14:20'),(7473,'','','2012-10-11 10:10:14'),(7493,'','','2012-10-11 10:21:23'),(7508,'why we get food from other places',' ','2012-10-11 10:13:39'),(7595,'warm climits and fruits that need them','is that some foods need warm climits to grow. here are some foods that need warm climits (banana mango dragon fruits and pineapple)  ','2012-10-11 10:19:42'),(7613,'','','2012-10-11 10:19:40'),(7623,'carson','is why some fruit come from different piace  it  because might be too ciod or too hot.  ','2012-10-11 10:19:45'),(7665,'','','2012-10-11 10:25:53'),(7784,'coulers','how the food changes couler?  ','2012-10-11 11:22:07'),(7808,'why things do not grow in canada',' mangoes and oranges need a warm place to grow and canada  is very cold so only a few things can grow in canada   ','2012-10-11 11:22:59'),(7826,'hot plases','mangos grow mexico ,japan,hot plases  ','2012-10-11 11:23:51'),(7832,'how the food got here???','how the food got here????  ','2012-10-11 11:30:42'),(7841,'','','2012-10-11 11:24:40'),(7848,'by sam','banas come from hot places','2012-10-11 11:28:36'),(7853,'','','2012-10-11 11:39:51'),(7858,'','','2012-10-11 11:25:14'),(7866,'cold','.Some fruits like the mango, they can\'t grow here because it\'s to cold.  ','2012-10-11 11:26:21'),(7879,'why do mangos need to be in hot places',' why mangos need to grow in hot places?    ','2012-10-11 11:27:09'),(7884,'','','2012-10-11 11:39:27'),(7894,'','','2012-10-11 11:36:14'),(7916,'answer to alex','is that when it gets older it gets more ripe i also have a theory that is things grow on it  ','2012-10-11 11:28:18'),(7934,'','','2012-10-11 11:29:15'),(7945,'','','2012-10-11 11:30:44'),(7963,'','','2012-10-11 11:30:40'),(7967,'familys','becase people need money for there family.  ','2012-10-11 11:33:13'),(7979,'farm','from a farm','2012-10-11 11:38:32'),(7987,'ask about genes','if some fruit is geneticly modified in some places so that it grows better there  ','2012-10-11 11:31:57'),(7992,'my theory of how the food got here','is that a company sends a plane that has the food in it  ','2012-10-11 11:36:11'),(8043,'food','why we grow food  ','2012-10-11 11:36:55'),(8048,'banana','because thr hot  ','2012-10-11 11:39:41'),(8070,'taste','mangos can\'t be in a hot place because if its in a hot place it won\'t taste good.  ','2012-10-11 11:37:47'),(8074,'','','2012-10-11 11:44:20'),(8078,'','','2012-10-11 11:45:40'),(8083,'anwer to why we grow food','is that it needs to be grown because we can not find the food  ','2012-10-11 11:39:24'),(8108,'about fruits',' is fruits are a good thing to eat and some are made in farms and some are made in diffrent places  ','2012-10-11 11:40:17'),(8123,'','','2012-10-11 11:40:34'),(8129,'toronto iscold','we can\'t grow sa mangos because tornto is cold  ','2012-10-11 11:41:37'),(8146,'','','2012-10-11 11:43:27'),(8150,'','','2012-10-11 11:48:42'),(8155,'','','2012-10-11 11:42:05'),(8159,'','','2012-10-11 11:42:51'),(8163,'','','2012-10-11 11:45:16'),(8176,'','','2012-10-11 11:44:28'),(8180,'mangos!!!!!!!!!!!:)','. Mangos can\'t grow here because it isin\'t warm enough.  ','2012-10-11 11:46:01'),(8191,'','','2012-10-11 11:49:43'),(8195,'','','2012-10-11 11:49:44'),(8202,'wigs','  wiey dont we get   wigs                                         ','2012-10-11 11:43:27'),(8208,'','','2012-10-11 11:53:53'),(8218,'','','2012-10-11 11:47:15'),(8225,'','','2012-10-11 11:45:19'),(8230,'food sam','some people get the food from a gartan some people get ther food from a farm','2012-10-11 11:45:45'),(8256,'','','2012-10-11 11:46:30'),(8260,'','','2012-10-11 11:47:57'),(8292,'hot places!!!!!!!!!!!:)','why mangos only grow in hot places?   ','2012-10-11 11:49:37'),(8313,'','','2012-10-11 11:51:40'),(8320,'parots ','how are parots so smart  ','2012-10-11 11:47:00'),(8344,'','','2012-10-11 11:48:59'),(8350,'','','2012-10-11 11:49:33'),(8356,'','','2012-10-11 11:48:49'),(8360,'lydan jar','is that when you touch the lydan with the wire its not a spark comming from the lydan jar its the electrons going from  the lydan jar to the wire. Its like a mini bolt of lightning going to the wire   ','2012-10-11 11:49:23'),(8366,'','','2012-10-11 11:48:39'),(8370,'','','2012-10-11 11:48:53'),(8373,'','','2012-10-11 11:48:53'),(8384,'','','2012-10-11 11:48:42'),(8389,'birds fly','How do all birds fly     ','2012-10-11 11:49:49'),(8406,'','','2012-10-11 11:49:00'),(8432,'hot and cold growing','why fruits like mango have to stay inthe heat to grow and can\'t grow in the cold  ','2012-10-11 11:49:35'),(8442,'','','2012-10-11 11:49:56'),(8446,'','','2012-10-11 11:52:36'),(8450,'trees','brds liv in trees so the pretudrs  ','2012-10-11 11:52:51'),(8455,'chicken','we kill chicken, for chicken nuggets.  ','2012-10-11 11:51:03'),(8475,'','','2012-10-11 11:50:58'),(8483,'feters','is cuss they have feters and they are light\n\n\n\n  ','2012-10-11 11:51:43'),(8492,'why can birds fly but we can\'t fly?','why can birds fly but we can\'t fly?  ','2012-10-11 11:53:22'),(8536,'humming birds 4','it would be hard to  fly\r\n','2012-10-11 11:52:31'),(8552,'trees','brds liv in the trees so the pretudrs dont reech them  ','2012-10-11 11:58:12'),(8576,'','','2012-10-11 11:58:32'),(8583,'glass','they think there is nothing there and then they smash into glass  ','2012-10-11 11:59:05'),(8601,'poison','is I think they aren\'t poisonous  ','2012-10-11 11:57:07'),(8609,'force','what\'s sronger the force of the negative to negative getting pushed away from each other, or the force of negative and positive getting stuck together?  \n','2012-10-11 11:55:07'),(8619,'predators','to protect them from predators. my soure is from my Nature Notebook. I saw a flock of pigeons flying away from a red- tailed hawk!','2012-10-11 11:54:14'),(8637,'life','we grow food for life  ','2012-10-11 11:55:10'),(8711,'','','2012-10-11 11:56:23'),(8716,'Humming birds 5','','2012-10-11 11:56:36'),(8745,'  ','','2012-10-11 11:57:23'),(8751,'haw birds fliy','wher birds wings came fram and wiy wings help them fliy      ','2012-10-11 12:01:39'),(8813,'lemon battery not working','is that if you use a lemon too many times then it won\'t work because all of the electrons will come out and float away into the closest object. And the lemon won\'t let anymore electricity in because it has really annoying other stuff in it that won\'t let more electrons in. i think things have a certain amount of electrons and if they get out then they\'re out for good','2012-10-11 12:00:12'),(8817,'','','2012-10-11 12:00:14'),(8848,'parrots2','they hear and learn  ','2012-10-11 12:02:58'),(8871,'','','2012-10-11 12:00:39'),(8875,'','','2012-10-11 12:01:30'),(8909,' ','  ','2012-10-11 12:02:22'),(8913,' ','then they would get ho  ','2012-10-11 12:03:32'),(8940,'','','2012-10-11 12:18:29'),(8942,'Magnets','the longer you leave the magnet under the honey there will be more iron filings. because they slowly make their waythrough the honey because the honey is thick  ','2012-10-11 12:01:26'),(8946,'magnets!!!!!!!!!!!!!!!!!!!!!!!!!!!!!!!','how magnets work. i know that medal is attracted to it but i have no idea why this happens.   ','2012-10-11 12:15:12'),(8953,'','','2012-10-11 12:01:07'),(8956,'','','2012-10-11 12:01:08'),(8974,'tiny peices of paper and a giant rod','is that if you rub fur and a rod together the fur gives it negitive charges wich makes the rod more negitive i think one side of little peices of paper has a positive side and a negitive side so the paper is on a slant when it sticks to the rod   ','2012-10-11 12:01:35'),(9014,'200','they dont they do 200 flaps  ','2012-10-11 12:04:14'),(9032,'hiy and  low','birds can fiy hiy and low','2012-10-11 12:03:11'),(9060,'humming birds 5','they would get warmer ,wouldn\'t they.  ','2012-10-11 12:04:51'),(9084,'lemon battery','when i tried to make the lemon battery work (The one where you stacked the foil-coin-tissue) it didn\'t work. I think that happened because the lemon has a lot of electrons so that makes it have a negative charge. When you soak the paper towel in the lemon juice the lemon juice gets all over everything else so maybe the electrons are spreading too. Then once the electrons get all over everything else it becomes a negative charge. So the tube that has all the stuff in it doesn\'t have any positive charge and it needs both. Therefore it cannot work. If we tried to do it again, maybe instead of just slapping on the paper towel we could wring the paper towel out before we put it on and that way the electrons might not spread so easily.','2012-10-11 12:04:44'),(9135,'','','2012-10-11 12:08:13'),(9139,'','','2012-10-11 12:11:18'),(9142,'','','2012-10-11 12:11:19'),(9158,'Goopy juice of acidic lemons','	When I connected a battery to lemon juice with wires, the lemon juice slowly started to turn into goop on the positive wire. I think that lemon juice has a negative charge, so, it compressed onto the wire. I think that this also has something to do with the fact that lemon juice is an acid. ','2012-10-11 12:08:45'),(9176,'home made battires','is that the home made battery didn\'t work because nick kept pushing on the top so the lemon jucies [i think that the lemon jucies are charged] kept running out   ','2012-10-11 12:11:15'),(9195,'','','2012-10-11 12:10:31'),(9204,'adoms','is that it is in posibale for an adom to not have eletrons, nutrons or protons because adoms are nutron wich has both protons and eletrons  ','2012-10-11 12:10:43'),(9222,'','','2012-10-11 12:12:54'),(9225,'the same force ','i think that the force is exectly the same because when you throw a magnet at a magnet the magnet wil spin so that it is positive and negative but if tri and push negative and negative together they repel each other .','2012-10-11 12:12:54'),(9232,'','','2012-10-11 12:13:20'),(9236,'bouncy magnet ','erica and evelyn did this floaty thing with the magnet and we wanted to add on to it this is what we think thayt when the batterie is connected to the coil inside there is a magnet on each side the right side the left side and the bottom so if you drop the magnet right into the coil it will drop to the bottom but before it hits the ground it bounces up because of the magnet and electrons push the magnet up and to the side   ','2012-10-11 12:14:46'),(9468,'','','2012-10-11 12:24:37'),(9472,'','','2012-10-11 12:28:23'),(9499,'build on','build pn','2012-10-11 12:32:32'),(9511,'','you sreplled  build ','2012-10-11 12:33:48'),(9537,'','','2012-10-11 12:55:02'),(9543,'','','2012-10-11 12:55:21'),(9644,'Iron Filings Before and After','Add text here\n\n','2012-10-12 00:12:52'),(9666,'Lemon juice','Add text here\n\n','2012-10-12 00:15:07'),(9673,'Static Electricity','Does all kinds of fabric cause static electricity?\n\nWhy is blond hair the best for static electricity?\n','2012-10-12 00:26:20'),(9686,'Electricity in Water','How far can electricity travel through water?\n\nCan we get power from salt water?\n','2012-10-12 00:27:22'),(9692,'Magnetism','Can copper wires or batteries act as magnets?\n\nWhy did the fork with the wire around it become a magnet?\n\nHow does a magnet attract things?','2012-10-12 00:28:15'),(9764,'','','2012-10-12 11:02:17'),(9769,'','','2012-10-12 11:40:50'),(9777,'','','2012-10-12 11:02:11'),(9821,'','','2012-10-12 11:00:51'),(9832,'','','2012-10-12 11:00:10'),(9836,'','','2012-10-12 11:01:29'),(9854,'','','2012-10-12 10:58:21'),(9861,'humming',' how do humming birds flap 200 times in a second  ','2012-10-12 11:42:42'),(9880,'brds','wut are brds mad ut of  ','2012-10-12 11:43:22'),(9884,'','','2012-10-12 11:53:54'),(9923,'more then 100!!!!!!!!!','more then 100!!!!!!!!!!!!!   ','2012-10-12 11:42:03'),(9931,'hummingbirds','do hummingbirds like water  ','2012-10-12 11:40:49'),(9942,'pop','  yiu bards poop','2012-10-12 11:42:22'),(9946,'nams','wi do bards hav nams  ','2012-10-12 11:48:13'),(9950,'p','you do bards poo andnotpee   ','2012-10-12 11:52:56'),(9956,'ty',' birds have hollow bones  ','2012-10-12 11:48:29'),(9963,'','','2012-10-12 11:43:49'),(9966,'DIEGO HUMING BIRDS','HUMING BIRDS LIKE FLOWRES  ','2012-10-12 11:43:49'),(9995,'','','2012-10-12 11:46:43'),(9998,'crows ','crows are one of the most smratest birds   ','2012-10-12 11:46:46'),(10033,'some','some are poisunes','2012-10-12 11:49:16'),(10048,'birds',' why birds have to fly .p.s i want to fly  ','2012-10-12 11:51:48'),(10099,'eat','cus birds eat','2012-10-12 11:57:45'),(10134,'','','2012-10-12 11:55:18'),(10138,'','','2012-10-12 11:55:20'),(10142,'girls','\n\n\n how many girl birds  ','2012-10-12 11:55:56'),(10144,'birds',' birds are awsome   ','2012-10-12 11:55:40'),(10149,'birds',' how birds fly  ','2012-10-12 11:56:57'),(10192,'fun','becuse it\'s fun!!!!!!!!!!!!!!!!!!!!!!!  ','2012-10-12 11:58:57'),(10208,'nesting',' why birds like nesting on branches?  ','2012-10-12 11:57:11'),(10224,'birds',' why birds are awsome  ','2012-10-12 11:57:59'),(10405,'','','2012-10-15 09:43:40'),(10413,'','','2012-10-15 09:46:08'),(10471,'msdksmd',' people will pay! for what they have done, to me','2012-10-15 09:45:37'),(10474,'','','2012-10-15 09:45:43'),(10479,'','','2012-10-15 09:50:08'),(10508,'','','2012-10-15 09:46:08'),(10511,'','','2012-10-15 09:46:11'),(10514,'','','2012-10-15 09:46:14'),(10520,'','','2012-10-15 09:50:12'),(10523,'camille','how did energy start?','2012-10-15 09:50:14'),(10531,'','','2012-10-15 09:46:19'),(10534,'','','2012-10-15 09:46:20'),(10546,'','','2012-10-15 09:49:54'),(10549,'','','2012-10-15 09:49:54'),(10554,'','','2012-10-15 09:46:38'),(10557,'','','2012-10-15 09:46:43'),(10563,'','','2012-10-15 09:47:28'),(10619,'','','2012-10-15 09:47:32'),(10622,'','','2012-10-15 09:47:37'),(10626,'','','2012-10-15 09:47:41'),(10643,'','','2012-10-15 09:49:43'),(10646,'','','2012-10-15 09:49:45'),(10649,'','','2012-10-15 09:49:45'),(10653,'','','2012-10-15 09:47:46'),(10656,'','','2012-10-15 09:47:52'),(10660,'','','2012-10-15 09:47:56'),(10665,'','','2012-10-15 09:48:02'),(10683,'','','2012-10-15 09:50:29'),(10709,'','','2012-10-15 09:49:47'),(10712,'solar power','of the way to produce electricity is solar power. because there is always sunlight somewhere in the world  ','2012-10-15 09:49:48'),(10764,'UV power 2','Continued from UV power 1\n\nThe reason i think that Uv is the best because some where i heard that UV rays get magnified even when its cloudy outside,which is why you still need to where sun screen when its cloudy.\n','2012-10-15 09:49:57'),(10767,'','','2012-10-15 09:50:02'),(10772,'','','2012-10-15 09:50:04'),(10776,'','','2012-10-15 09:49:52'),(10779,'','','2012-10-15 09:49:54'),(10782,'','','2012-10-15 09:49:58'),(10786,'UV power 1','what is the best kind of power. i think it might be wind because there is always wind somewhere. it could also be solar because there is lots of sun sometimes, but if there was a UV ray solar pannel which i think there is, that would be the best. continued in UV power 2  ','2012-10-15 09:50:06'),(10793,'','','2012-10-15 10:01:57'),(10795,'','','2012-10-15 09:50:00'),(10798,'','','2012-10-15 09:50:00'),(10803,'','','2012-10-15 09:50:01'),(10820,'','','2012-10-15 09:50:10'),(10840,'','','2012-10-15 09:50:16'),(10861,'','','2012-10-15 09:53:19'),(10864,'','','2012-10-15 09:53:22'),(10867,'','','2012-10-15 09:53:26'),(10885,'camille','maybe its like if it were a cable or something','2012-10-15 10:03:42'),(10893,'circuits','You need a circuit to get the light working because the electricity needs to get to all the light or buzzer.','2012-10-15 09:51:04'),(10900,'','','2012-10-15 09:50:36'),(10903,'traveling throught water','is that how far electricity can travel in water mostley depends on how big the power source and how much resistance there is in the water.  ','2012-10-15 09:50:37'),(10911,'','','2012-10-15 09:52:55'),(10914,'bots of lightnig','how many volts of power and shock are in an avrage bolt of lightnig and does it matter how fast it\'s going or how long it is   ','2012-10-15 09:52:58'),(10959,'Battery','','2012-10-15 09:56:48'),(10973,'glass = not conducter','is that glass is not a conducter becuase it traps the energy inside the glass and eats it up like cookie monster eating a cookie   ','2012-10-15 09:54:09'),(10976,'','','2012-10-15 09:54:13'),(10993,'SHOCK','Static electricity is where you rub two objects together to create friction. Then, it becomes all staticy, and then it will give you a shock when it toches you.','2012-10-15 09:52:38'),(10996,'','','2012-10-15 09:52:40'),(11013,'','','2012-10-15 09:51:41'),(11016,'','','2012-10-15 09:51:41'),(11019,'','','2012-10-15 09:51:45'),(11022,'','','2012-10-15 09:51:46'),(11027,'','','2012-10-15 09:51:44'),(11035,'','','2012-10-15 09:51:48'),(11038,'','','2012-10-15 09:51:56'),(11041,'','','2012-10-15 09:52:00'),(11044,'','','2012-10-15 09:52:00'),(11050,'','','2012-10-15 09:52:06'),(11053,'','','2012-10-15 09:52:08'),(11058,'','','2012-10-15 09:52:14'),(11061,'agree','I agree that wind or solor are the best type of power ','2012-10-15 09:52:17'),(11088,'maybe yes maybe no','is that you don\'t know cause you didn\'t try to expeirement on it but you are probaly right.  ','2012-10-15 09:54:42'),(11143,'','','2012-10-15 09:55:22'),(11147,'','','2012-10-15 09:58:28'),(11183,'','','2012-10-15 09:54:17'),(11186,'','','2012-10-15 09:54:17'),(11190,'','','2012-10-15 09:54:18'),(11212,'Jerry production','What will happen when you get hit by lightning?','2012-10-15 09:54:52'),(11216,'','','2012-10-15 09:56:49'),(11219,'','','2012-10-15 09:56:53'),(11256,'flowing electricity','is that electricity is flowing though the battery and and when the exponents are attached the electricity flowes though  ','2012-10-15 09:55:23'),(11266,'','','2012-10-15 09:55:25'),(11269,'','','2012-10-15 09:55:30'),(11272,'','','2012-10-15 09:55:32'),(11275,'','','2012-10-15 09:55:32'),(11291,'energy','is that the energy cant flow because the energy cant get back to the power source and when the energy gets back to the power source, it creats a full circut to carry the energy back out to the object you are trying to the energy to.   ','2012-10-15 09:57:31'),(11304,'','','2012-10-15 10:08:50'),(11307,'Cooking with Lightening','if a fish is in a body of water and lightening hits the water would it cook the fish?','2012-10-15 10:08:53'),(11314,'','','2012-10-15 09:57:01'),(11318,'','','2012-10-15 09:57:10'),(11344,'','','2012-10-15 09:57:37'),(11347,'','','2012-10-15 09:57:39'),(11352,'','','2012-10-15 09:57:55'),(11355,'','','2012-10-15 09:57:57'),(11358,'','','2012-10-15 09:57:58'),(11391,'','','2012-10-15 09:57:42'),(11395,'','','2012-10-15 09:57:47'),(11414,'','','2012-10-15 10:00:43'),(11417,'','','2012-10-15 10:00:45'),(11420,'','','2012-10-15 10:00:48'),(11426,'','','2012-10-15 10:02:21'),(11429,'','','2012-10-15 10:02:28'),(11432,'','','2012-10-15 10:02:29'),(11478,'','','2012-10-15 10:01:31'),(11481,'the conductor of electricity','why metal is a conductor of electricity  ','2012-10-15 10:01:34'),(11493,'','','2012-10-15 09:58:56'),(11497,'','','2012-10-15 09:58:59'),(11516,'','','2012-10-15 10:01:53'),(11519,'','','2012-10-15 10:01:58'),(11529,'','','2012-10-15 10:01:05'),(11549,'','','2012-10-15 10:01:07'),(11621,'','','2012-10-15 10:02:02'),(11624,'','','2012-10-15 10:02:08'),(11627,'','','2012-10-15 10:02:08'),(11633,'the water bottle','my idea is what would happen if you attached a wire to a battery to a metal water bottle thats filled with water.','2012-10-15 10:07:49'),(11644,'','','2012-10-15 10:03:41'),(11647,'no cranks','i dis agree with you i don\'t thing that the crank makes most of your energy.','2012-10-15 10:03:50'),(11650,'conductor',' is water a conductor of electricity','2012-10-15 10:02:02'),(11661,'','','2012-10-15 10:01:59'),(11664,'','','2012-10-15 10:02:03'),(11667,'','','2012-10-15 10:02:09'),(11699,'','','2012-10-15 10:02:13'),(11702,'What I think','I think it depends','2012-10-15 10:02:13'),(11708,'','','2012-10-15 10:02:14'),(11711,'','','2012-10-15 10:02:14'),(11716,'','','2012-10-15 10:02:15'),(11729,'conductor 2','why does static electricity happen? why does wool and fur and balloon conduct static electricity for a bit then lets it go?','2012-10-15 10:02:24'),(11732,'Conductor 1','why is water a conductor and metal a condoctor when wood and plastic arent?','2012-10-15 10:02:30'),(11772,'transfer the power','But can they transfer it all the way across the world?','2012-10-15 10:11:54'),(11847,'agreed','i agree','2012-10-15 10:08:28'),(11910,'','','2012-10-15 10:07:36'),(11913,'electricity in water','i tihnk the water type matters and what is in it\n','2012-10-15 10:07:48'),(11921,'','','2012-10-15 10:05:59'),(11924,'Hydro and Nuclear','is that hydro is the best kind of power because it is relativly safe and you always have it. The reason I don\'t like wind is because it is unpredictable, sometimes there is not enough wind and sometimes there is too much. Plus, the government pays too much money to people who have turbines on their property . I also like nuclear power because it is reliable but the problem is that it isn\'t as safe as hydro.    ','2012-10-15 10:05:59'),(11941,'','','2012-10-15 10:07:15'),(11944,'','','2012-10-15 10:07:16'),(11947,'','','2012-10-15 10:07:17'),(11966,'Blonde hair','Blonde hair is probably best for static electricity because it thinner and thicker hair might be hard to raise (and darker colours are usually thicker). ','2012-10-15 10:07:52'),(11971,'Coiled vs Thin','Why does the coiled wire dim the light and the thinner one makes it brighter?','2012-10-15 10:12:11'),(11995,'switch','how a switch works  ','2012-10-15 10:07:55'),(12006,'','','2012-10-15 10:07:24'),(12009,'','','2012-10-15 10:07:27'),(12012,'','','2012-10-15 10:07:30'),(12016,'','','2012-10-15 10:07:32'),(12019,'','','2012-10-15 10:07:33'),(12022,'','','2012-10-15 10:07:33'),(12026,'','','2012-10-15 10:07:33'),(12029,'','','2012-10-15 10:07:37'),(12032,'','','2012-10-15 10:07:40'),(12058,'','','2012-10-15 10:09:33'),(12061,'','','2012-10-15 10:09:33'),(12075,'','','2012-10-15 10:11:57'),(12097,'','','2012-10-15 10:09:11'),(12101,'','','2012-10-15 10:09:24'),(12104,'','','2012-10-15 10:09:27'),(12154,'electricuited','The electrical shock will pass through your body and then you will get electrcuited','2012-10-15 10:09:37'),(12159,'switch II','The switch will switch, and then it will pull wires (?) and then it will pass the electricity that came from the battery through the wires, and then it power the electrical object','2012-10-15 10:12:46'),(12163,'','','2012-10-15 10:09:29'),(12166,'','','2012-10-15 10:09:30'),(12169,'','','2012-10-15 10:09:30'),(12172,'','','2012-10-15 10:09:30'),(12175,'','','2012-10-15 10:09:32'),(12178,'','','2012-10-15 10:09:32'),(12181,'','','2012-10-15 10:09:36'),(12184,'','','2012-10-15 10:09:39'),(12187,'','','2012-10-15 10:09:42'),(12190,'','','2012-10-15 10:09:48'),(12209,'','','2012-10-15 10:09:54'),(12212,'','','2012-10-15 10:09:54'),(12215,'','','2012-10-15 10:09:58'),(12234,'','','2012-10-15 10:09:42'),(12237,'coper wiers','i think that coper wires are magnets, coper wires are made of coper affter all.','2012-10-15 10:09:50'),(12289,'','','2012-10-15 10:10:10'),(12293,'','','2012-10-15 10:10:21'),(12307,'','','2012-10-15 10:10:26'),(12312,'','','2012-10-15 10:10:26'),(12315,'','','2012-10-15 10:10:29'),(12318,'','','2012-10-15 10:10:29'),(12321,'','','2012-10-15 10:10:29'),(12334,'','','2012-10-15 10:10:30'),(12337,'','','2012-10-15 10:10:31'),(12340,'','','2012-10-15 10:10:31'),(12345,'','','2012-10-15 10:10:58'),(12348,'','','2012-10-15 10:11:01'),(12353,'','','2012-10-15 10:11:28'),(12374,'','','2012-10-15 10:10:32'),(12377,'','','2012-10-15 10:10:35'),(12380,'','','2012-10-15 10:10:35'),(12383,'','','2012-10-15 10:10:36'),(12396,'','','2012-10-15 10:10:38'),(12399,'','','2012-10-15 10:10:41'),(12402,'','','2012-10-15 10:10:45'),(12422,'','','2012-10-15 10:10:45'),(12425,'','','2012-10-15 10:10:45'),(12428,'','','2012-10-15 10:10:45'),(12432,'','','2012-10-15 10:10:47'),(12435,'','','2012-10-15 10:10:50'),(12438,'','','2012-10-15 10:10:50'),(12441,'','','2012-10-15 10:10:50'),(12444,'','','2012-10-15 10:10:52'),(12447,'','','2012-10-15 10:10:52'),(12450,'','','2012-10-15 10:10:52'),(12453,'','','2012-10-15 10:10:53'),(12456,'','','2012-10-15 10:10:53'),(12459,'','','2012-10-15 10:10:53'),(12462,'','','2012-10-15 10:10:53'),(12465,'','','2012-10-15 10:10:53'),(12507,'Batteries and water','What happens when you drop a battery in water? I do not know.','2012-10-15 10:11:31'),(12511,'','','2012-10-15 10:16:47'),(12528,'Energy, types and hamster.','is the energy from hamsters and stuff on balls the same energy as from batteries? Because on batteries it usually says the chemical that the battery is using, but I mean I\'ve heard you can power things with hamsters running\n\n on hamster wheels and from potatoes. Now are all these energies the same or is energy just one big concept. \n\n\n\nMy theory is that anything can be turned into energy, and I think energy is all one big thing and that they\'re is lot\'s of different types like electricity and batteries. But I need to understand a little more so it can be more crystal clear.','2012-10-15 10:11:30'),(12556,'Cooked Fish','I think that the fish will cook if the lightning hits the right place. ','2012-10-15 10:13:51'),(12580,'hamsters and people','in can you get energy from a man or woman bycicling? it could even be a hamster. I think there would be a really big machine that would go along with it.  ','2012-10-15 10:12:47'),(12614,'','','2012-10-15 10:13:52'),(12631,'bend lightning','is it posible to bend the path of lightning to hit a targit  ','2012-10-15 10:15:39'),(12635,'into a battery','the power would be put into a battery that is transfered acrossed the ocean','2012-10-15 10:14:55'),(12694,'','','2012-10-15 10:16:39'),(12697,'desprete power','How long would that take? what if they needed power to cook foood and clean water despretly?','2012-10-15 10:16:39'),(12718,'BATTERIES','I was wondering how EXACTLY batteries work. \n','2012-10-15 10:17:46'),(12758,'','','2012-10-15 10:19:09'),(12769,'','','2012-10-15 10:21:34'),(12806,'switch',' is that when a switch in a full circit is closed it brekes the circit   ','2012-10-15 10:22:39'),(12816,'','','2012-10-15 10:26:35'),(12819,'','','2012-10-15 10:26:35'),(12911,'','','2012-10-15 14:09:22'),(12922,'Around the world','I think it depends on what materials people get around the world get and wether  it is dryer in some conteryes and wetter in others.    ','2012-10-15 14:26:51'),(12943,'geting polluted','oil spills and garbage can pollute the water  ','2012-10-15 14:30:11'),(12950,'','','2012-10-15 14:29:18'),(12953,'','','2012-10-15 14:29:20'),(12956,'Littering','I think it gets polluted different ways.  I think the biggest problem is littering.  Because most people don\'t know what other world there is in the ocean.  ','2012-10-15 14:29:21'),(12960,'peoples garbage','either there is a flood or the tide goes up to much and peoples garbage that they left behind goes in the water.  ','2012-10-15 14:28:26'),(12980,'drains','gas form cars leekes in to drains and goes in to clean water  ','2012-10-15 14:30:31'),(12997,'','','2012-10-15 14:34:26'),(13000,'','','2012-10-15 14:29:26'),(13003,'tsunamia caused','how are tsunamia caused    ','2012-10-15 14:29:30'),(13014,'water','is that people dont have as  mush clean water as we do in canada  and there water is getting poluited.  ','2012-10-15 14:31:24'),(13048,'garbage','the water gets polluted by people throwing garbage in the water  ','2012-10-15 14:34:40'),(13053,'','','2012-10-15 14:37:01'),(13071,'Shifting','I think that tsunamias are caused when big pieces of earth under the sea shift   ','2012-10-15 14:34:40'),(13075,'equal amount of water','that there is not a equal amount of water in different places.  ','2012-10-15 14:33:04'),(13107,'polution','is from the polution because when we went on google earth we saw dead fish and i think the dead fish is from polution and thats why the water samples started to smell  ','2012-10-15 14:35:30'),(13124,'Lake Bacteria','I think in the lake there must be some sort of bacteria.  ','2012-10-15 14:34:26'),(13131,'Wind pushing currents','I think it\'s caused by the wind pushing the current.  ','2012-10-15 14:36:41'),(13147,'','','2012-10-15 14:34:55'),(13150,'','','2012-10-15 14:34:59'),(13153,'big wave','plates shift and creat a jiant wave. the farther out you are the less the tsunamy will hit.  ','2012-10-15 14:35:04'),(13174,'','','2012-10-15 14:35:36'),(13177,'','','2012-10-15 14:35:36'),(13180,'sunamies',' sunamies are cousd by alot of wind and a big storm the wind blowes the water so hard the water lifts off the ocan an the storm shifts it over to the city.    ','2012-10-15 14:35:37'),(13186,'forming',' how dose water form.  ','2012-10-15 14:46:15'),(13216,'Living','How can water afecet the way we live  ','2012-10-15 14:39:44'),(13252,'Plates moving','how can the plates move  ','2012-10-15 14:39:15'),(13255,'Plates moving','how do the plates move  ','2012-10-15 14:39:15'),(13258,'polluting','why would people put garbage in the water if they know its polluting the water  ','2012-10-15 14:39:16'),(13261,'','','2012-10-15 14:39:22'),(13291,'','','2012-10-15 14:39:18'),(13348,'','','2012-10-15 14:39:26'),(13351,'bactira','bacteria in the can gets in to the water    ','2012-10-15 14:39:26'),(13361,'','','2012-10-15 14:39:47'),(13364,'really big wave',' is that big waves form tohgether and make a really raelly really big wave well i am not that shoor    ','2012-10-15 14:39:47'),(13388,'breathing under water','why can\'t we breath under water?  ','2012-10-15 14:46:42'),(13439,'oil pipes','How can the oil pipe not calaps from the presher  ','2012-10-15 14:44:18'),(13457,'Throwing','is people don\'t know they are doing it and garbage gets blown out of there pockets and into the ocean.  Also careless people just throw it onto the ground or into the ocean  ','2012-10-15 14:44:50'),(13461,'','','2012-10-15 14:44:52'),(13485,'Earthquake','I think a earthquake might make the plaes move.  It can push the current really hard, and it would wash up really hard  ','2012-10-15 14:43:28'),(13516,'dirt','some people think that it will just turn into dirt when it really dosen\'t so thats why they keep doing it  ','2012-10-15 14:45:04'),(13522,'','','2012-10-15 14:49:46'),(13577,'Bacteira','how can the bacteria get in the water  ','2012-10-15 14:47:06'),(13583,'Anser','Only fish have gils and people do not','2012-10-15 14:51:56'),(13593,'Causing huricanes','how is a hurricane caused  ','2012-10-15 14:48:00'),(13599,'Water freezing','how water freezes  ','2012-10-15 14:51:51'),(13612,'careless','i think that people don\'t care. Becuase you usally see careless people dropping stuff in the rivers,streams ,ponds, and oceans. \n	It might also becuase some people get diseases that cuases them to do something wierd.  ','2012-10-15 14:48:46'),(13635,'wind picking up water','i think that the wind picks up the water and forms a hurricane  ','2012-10-15 14:49:42'),(13664,'','','2012-10-15 14:50:38'),(13667,'breathing','because fish can\'t breath in air and we can\'t breath in water   ','2012-10-15 14:50:38'),(13680,'growing','it grows  ','2012-10-15 14:50:55'),(13709,'turning to ice','in the winter water starts to get cold and turns to slush then ice  ','2012-10-15 14:53:22'),(13738,'strong','i think that hurricanes happen becuase the wind blows trees and then the trees swy and pushes the wind so it becomes really strong.  ','2012-10-15 14:52:48'),(13752,'','','2012-10-15 14:52:36'),(13756,'made water','how was water made?  ','2012-10-15 14:52:36'),(13803,'molicules','hidrogen and oxygen colide  ','2012-10-15 14:54:07'),(13990,'water in body','How do people get more water in them as they grow?  ','2012-10-18 08:34:07'),(13994,'Extra Water in Body','How does the hujman body deal with extra water it isn\'t using up?  ','2012-10-18 08:34:52'),(14075,'','','2012-10-18 09:30:06'),(14096,'TSUNAMI PROBLEMS','tsunami\'s are caused by earthcwake, tornado/hurcane/whirlwind. Therefore tsunami\'s can destroy 1-3 vilages,and 10-1000 people can be killed. Tsunami\'s can also destroy quite a bit of land. Tsunami\'s csn cary polution out of the water and onto land,that can kill up to 40 trees. So don\'t go fishing on a bad weater day... tsunami \'s can be caused evry day. ','2012-10-18 09:29:36'),(14117,'growing body\'s and different ages','i think that that boys have more water when thier about 5 to 9 years old but later on girls from 11 to 16 year old because their body\'s are growing more when their teenagers. when girs and boys become grown-ups the probably have around the same amount of water in them  ','2012-10-18 09:31:03'),(14120,'','','2012-10-18 09:31:04'),(14153,'dead fish','why there were dead fish on other peoples and those didn\'t really start to smell.\nWhat happend?  ','2012-10-18 09:32:03'),(14159,'','','2012-10-18 09:39:18'),(14171,'','','2012-10-18 09:32:59'),(14187,'less water','they stop driking a lot of water.  then i think that they loos some water.   ','2012-10-18 09:32:46'),(14196,'Evacuating Water','I think that when you body doesn\'t need as much water as it has then it gets rid of it.  ','2012-10-18 09:32:43'),(14204,'','','2012-10-18 09:35:32'),(14215,'How do oil pipes break ','how do oil pipes break.  was it broken befor and they didn\'t check it? did somthing huge bump into it? I have no idea?  ','2012-10-18 09:33:08'),(14238,'dumped','when garbage is dumped or thrown in rivers or lakes and oceans  ','2012-10-18 09:34:29'),(14244,'thinks it\'s food',' when garbage is in the water and the sea creatures eat it when they think it\'s food  ','2012-10-18 09:39:05'),(14266,'','','2012-10-18 09:36:19'),(14270,'','','2012-10-18 09:36:22'),(14354,'','','2012-10-18 09:39:48'),(14360,'clog or brake','if it gets cloged and it might explode or brake a hole  ','2012-10-18 09:44:14'),(14373,'TSUNAMI','sometimes a tsunami is caused by an earthquake like the one in Japan. The forces from the earthquake causes the water to make currents ( It\'like it makes the water angry). The stronger the earthquake get the stronger an higher the waves get.   ','2012-10-18 09:43:30'),(14376,'tornado','a tornado lifts the water   ','2012-10-18 09:40:18'),(14382,'','','2012-10-18 09:46:17'),(14385,'','','2012-10-18 09:46:18'),(14386,'','','2012-10-18 09:40:32'),(14392,'','','2012-10-18 09:42:03'),(14395,'','','2012-10-18 09:42:03'),(14396,'','','2012-10-18 09:40:49'),(14399,'chemicals','i think that if water is not tap water and doesn\'t have any chemicals in it, it probably starts to get very old and smelly because the chemicals that are in tap water aren\'t in the oceanslakes or they would be polluted    ','2012-10-18 09:40:49'),(14404,'different kinds of smelling waters in jars','does all the kinds of water that fish live in rot, like what happened in the classroom?  ','2012-10-18 09:47:35'),(14416,'Soil and sinking','I think that some people think that there is more water that is not polluted so they think that one more can\'t hurt, but lots of people in the world think that and we end up throwing so much garbage in the ocean that it might take millions of years for all that garbage to turn back into soil and sink back into the ground.','2012-10-18 09:42:32'),(14429,'oil pipes break','my thery is that there is to much oil in the pipes','2012-10-18 09:42:55'),(14481,'','','2012-10-18 09:45:15'),(14484,'tsunamies','my thery is that the tectonic plates bump together','2012-10-18 09:45:16'),(14500,'','','2012-10-18 09:46:18'),(14504,'','','2012-10-18 09:46:19'),(14507,'whale','maby a shark or whale bumbt in to it  ','2012-10-18 09:46:20'),(14509,'','','2012-10-18 09:46:28'),(14512,'','','2012-10-18 09:46:29'),(14602,'','','2012-10-18 09:50:23'),(14642,'','','2012-10-18 11:32:21'),(14689,'extiction','is that birds came from extinction','2012-10-18 11:35:06'),(14710,'','','2012-10-18 11:34:51'),(14725,'death',' i think so by packing  ','2012-10-18 11:34:15'),(14733,'','','2012-10-18 11:31:41'),(14736,'','','2012-10-18 11:31:44'),(14741,'can birds cause death?','can birds cause death?  ','2012-10-18 11:31:52'),(14782,'how many bones are in birds?andhow many birds are exinced?','how many bones are in birds? and how many birds are extinct?  ','2012-10-18 11:34:44'),(14799,'','','2012-10-18 11:34:10'),(14803,'death',' is yes  because disease  ','2012-10-18 11:34:26'),(14810,'','','2012-10-18 11:33:39'),(14815,'crows',' crows are smart  ','2012-10-18 11:35:51'),(14831,'how come crows are so smart but they have so small brains','how come crows are so smart but they have so small brains?  ','2012-10-18 11:44:56'),(14845,'','','2012-10-18 11:43:52'),(14881,'Questions of birds','where did birds come from and what was kind of bird in the world and what are birds made of  ','2012-10-18 11:38:12'),(14887,'','','2012-10-18 11:47:11'),(14922,'birds eating ','what do birds eat  ','2012-10-18 11:40:57'),(14982,'what are birds','wat are birds and how birds can  ','2012-10-18 11:46:01'),(14992,'','','2012-10-18 11:45:30'),(15020,'','','2012-10-18 11:44:14'),(15533,'','','2012-10-19 11:45:13'),(15538,'','','2012-10-19 11:45:55'),(15543,'','','2012-10-19 11:44:25'),(15546,'','','2012-10-19 11:44:55'),(15549,'','','2012-10-19 11:44:55'),(15556,'','','2012-10-19 11:45:23'),(15559,'','','2012-10-19 11:45:59'),(15580,'','','2012-10-19 11:46:24'),(15584,'','','2012-10-19 11:46:27'),(15587,'','','2012-10-19 11:44:55'),(15590,'','','2012-10-19 11:44:56'),(15593,'','','2012-10-19 11:44:57'),(15596,'','','2012-10-19 11:44:57'),(15599,'','','2012-10-19 11:44:57'),(15602,'','','2012-10-19 11:44:57'),(15605,'','','2012-10-19 11:44:57'),(15608,'','','2012-10-19 11:44:57'),(15611,'','','2012-10-19 11:44:57'),(15614,'','','2012-10-19 11:44:57'),(15617,'','','2012-10-19 11:44:58'),(15620,'','','2012-10-19 11:44:58'),(15623,'','','2012-10-19 11:44:58'),(15626,'','','2012-10-19 11:44:58'),(15629,'','','2012-10-19 11:44:58'),(15632,'','','2012-10-19 11:44:58'),(15635,'','','2012-10-19 11:44:58'),(15638,'','','2012-10-19 11:44:58'),(15641,'','','2012-10-19 11:44:58'),(15652,'','','2012-10-19 11:45:00'),(15655,'','','2012-10-19 11:45:09'),(15660,'','','2012-10-19 11:45:10'),(15675,'','','2012-10-19 11:45:15'),(15678,'','','2012-10-19 11:45:15'),(15713,'','','2012-10-19 11:48:57'),(15717,'','','2012-10-19 11:51:08'),(15720,'','','2012-10-19 11:45:59'),(15724,'','','2012-10-19 11:46:00'),(15727,'diego and bailey huming birds','','2012-10-19 11:46:01'),(15733,'','','2012-10-19 11:48:20'),(15738,'','','2012-10-19 11:49:03'),(15746,'diego and bailey ','why pigeons  ','2012-10-19 11:49:53'),(15755,'birds need birds ','there are so many different birds because thats how they survive. And birds need other birds to survive.   ','2012-10-19 11:47:34'),(15764,'','','2012-10-19 11:47:51'),(15767,'','','2012-10-19 11:47:53'),(15781,'','','2012-10-19 11:47:53'),(15786,'','','2012-10-19 11:49:37'),(15790,'place','what kind of birds go to place  ','2012-10-19 11:53:10'),(15791,'eat','they live in a different place and eat different things  ','2012-10-19 11:48:30'),(15823,'','','2012-10-19 11:51:18'),(15827,'birds','why birds are so important?  ','2012-10-19 12:00:49'),(15846,'','','2012-10-19 11:52:50'),(15850,'birds die',' what is the most common way for a bird to die\n\n  ','2012-10-19 11:54:59'),(15867,'nams','   why birds have names                                                                                                                                                            ','2012-10-19 11:53:51'),(15871,'calrs','why are birds different colours  ','2012-10-19 11:58:45'),(15890,'birds','what came first people or birds\n  ','2012-10-19 11:56:33'),(15983,'','','2012-10-19 12:00:43'),(15987,'ty abh',' snowy owls are cute\n\n\n  ','2012-10-19 12:02:32'),(16249,'An experiment','big waves are called tsunami put down a big jar of filled water  and take a mixser \"mix\" the water and see what hapens. ','2012-10-23 11:52:59'),(16277,'','','2012-10-23 11:52:54'),(16303,'in the lake','is because from where they got the water samples there were dead fish in the lakes so it got the smell  ','2012-10-23 11:55:14'),(16315,'polluting people','why do people pollute the water  ','2012-10-23 11:55:16'),(16323,'presher','water presher crushes them  ','2012-10-23 11:53:23'),(16338,'BODY WATER','When you are growing up how does your body take in as much water as it needs as you get bigger?  Because when you are a kid you have less water than when you are an adult.  ','2012-10-23 11:55:03'),(16341,'Pressure against water survivors','how is it that different animals can survive different pressures in the water depending on their strange shape?  ','2012-10-23 11:53:33'),(16353,'WHAT','what are \"plates\"  ','2012-10-23 11:54:09'),(16360,'EARTHQUAKE!','how is a earthquake is caused   ','2012-10-23 11:56:08'),(16416,'','','2012-10-23 11:56:14'),(16419,'','','2012-10-23 11:56:16'),(16439,'emotion','from to much thunder and lightning then the lightning goes down to the ground so it causes to much emotion then it makes cracks in the earth  ','2012-10-23 12:04:26'),(16447,'Water sight of sea creatures in water in ocean','It\'s strange how they see unlike us. I don\'t know whether it\'s the water affecting their vision or the way their eyes are.','2012-10-23 11:56:01'),(16451,'Water molecule ','how is it that a water molecule is made up of 2 hydrogen circling 1 oxygen?  ','2012-10-23 11:58:15'),(16467,'plates are...','plates are some part of the ground that might shift. If they shift and bump into eachother then it causes a tsunami.\n	I got the information from a book.(I forgot the name)   ','2012-10-23 11:56:38'),(16473,'not sure','i thought that if one wave meets another usually they crash and not become that big.\nWhat do you mean?  ','2012-10-23 12:00:08'),(16478,'breathing','but we can hold are breath to  ','2012-10-23 11:56:17'),(16484,'people do not mean to','i don\'t think that people mean to pollute the water and they don\'t relize it because sometimes they just leave stuff on the beach sometimes    ','2012-10-23 12:00:32'),(16489,'pipes','is the pipes are triple layerd so thay  don\'t break  ','2012-10-23 11:58:10'),(16493,'','','2012-10-23 12:01:01'),(16513,'','','2012-10-23 11:57:06'),(16522,'tsunami info','tsunami\'s can only get big in shalow water so its beter to go fishing when tsunami\'s hit. tsunami is a japanis word that means \"harbor wave\"  ','2012-10-23 11:57:11'),(16561,'water and wind','i think that in the begining it is very windy and the wind is drawn like a magnet,then the wind gets stronger and stronger and pulls the water up with it and swrils around everywhere!!  ','2012-10-23 12:01:57'),(16567,'','','2012-10-23 11:58:54'),(16575,'','','2012-10-23 12:01:25'),(16622,'spilling','that will just make the water spill out and it is a small area. The ocean is GIGANTIC! How will you show that it wouldn\'t just spill?   ','2012-10-23 12:02:12'),(16641,'triple layers','i think that there are even more then triple layered  ','2012-10-23 12:03:49'),(16646,'really really really hard','i think that maybe when somthing crashes onto the ground really really really hard maybe that coses a earthquake  ','2012-10-23 12:06:39'),(16662,'Anser','But not that long.','2012-10-23 12:03:17'),(16666,'','','2012-10-23 12:04:03'),(16680,'','','2012-10-23 12:01:27'),(16683,'','','2012-10-23 12:01:29'),(16686,'with out water','humans needs to have air two live and fish need water to live and humans need water but humans can\'t live under waer for your whole life with out water  ','2012-10-23 12:01:29'),(16703,'MAKING','I think water was made when the Earth was made.  ','2012-10-23 12:01:58'),(16711,'how a molecule is made.','- source A water molecule is made by 2 hydrogen and 1 oxygen  ','2012-10-23 12:01:51'),(16717,'maybe','might be because different things were created soon after the earth.','2012-10-23 12:03:34'),(16787,'dry men','without water we would dry out and DIE.','2012-10-23 12:04:51'),(16791,'There is no liquid in dry ice because it has no liquid form at all...','How is it that dry ice does not have a liquid form?  ','2012-10-23 12:06:40'),(16796,'MOVING','I think earthquakes are called by under water volcanos that are erupting, I think that makes the continets and conturyes move.  ','2012-10-23 12:04:11'),(16808,' ','','2012-10-23 12:08:49'),(16811,'','','2012-10-23 12:08:54'),(16862,'moving',' \nis that earthquakes happen becuase the continents are moving in the ocean very,very slowly. then if they hit eachother earthquakes can happen.\nAnother way is that the tsunami may happen right next to a continent or country so the big force of water moves the country/continent very fast. That is what I think causes an earthquake.    ','2012-10-23 12:06:43'),(16898,'water making you un tired','why does water make you un tired when you are tired playing a soccer game or something  ','2012-10-23 12:12:25'),(16914,'','','2012-10-23 12:07:03'),(16923,'','','2012-10-23 12:12:21'),(16931,'creating water','water forms from animal pee from animals that lived a long time ago.  ','2012-10-23 12:08:29'),(16952,'anser','My theory is that plates under ground shift and get stuk together and come aparet really fast and causes the errh to shake wich makes water shake wich causes a tsunamia.','2012-10-23 12:08:57'),(16969,'cracking grounds','i think that when it\'s very dry and hot the cementdirtground gets cracked and sooner or later the cracking will pass on and get bigger and bigger until something something like water makes it stop.  ','2012-10-23 12:09:27'),(16985,'preasure','to much preasure in the ocean.  ','2012-10-23 12:10:02'),(16997,'','','2012-10-23 12:11:03'),(17000,'','','2012-10-23 12:11:03'),(17003,'','','2012-10-23 12:11:09'),(17037,'','','2012-10-23 12:11:10'),(17040,'','','2012-10-23 12:11:10'),(17044,'','','2012-10-23 12:11:11'),(17047,'','','2012-10-23 12:11:18'),(17074,'','','2012-10-23 12:12:21'),(17101,'hidration','because you\'re not hidrated and when you drink water it makes you hidrated also when your mouth is dry it makes it wet  ','2012-10-23 12:15:22'),(17199,'Water around the earth','North America has aproxametly 55 buckets of water per person a day.  Russia has 27 1/2 Poland has 14 India has 7 Nepal has 3 Haiti has 1 1/2 and Ethiopia 1 bucket.  I read it frfom a book called One Well.  ','2012-10-24 10:00:47'),(17214,'','','2012-10-24 10:01:17'),(17218,'','','2012-10-24 10:02:31'),(17245,'The right amount','I think that maybe we have lots of ways of getting water in us so we keep some of it in our body so as we get older we will have the right amount of water in  our body.  ','2012-10-24 10:02:42'),(17273,'','','2012-10-24 10:02:31'),(17276,'','','2012-10-24 10:02:33'),(17280,'polluted water','i think that sometimes if water is from a lake/ pond can still be clean but if the water from the lake/ pond is near or in polluted water it will start to smell  ','2012-10-24 10:02:33'),(17313,'fish','i think maybe a minnow or a small fish died in the jar','2012-10-24 10:06:14'),(17319,'anser','i think that the water was poluted and that is why it started to smell','2012-10-24 10:08:01'),(17357,'water','1 liter of water weighs 1 kilogram and one milileter weighs one gram ','2012-10-24 10:08:45'),(17362,'','','2012-10-24 10:22:03'),(17365,'','','2012-10-24 10:22:03'),(17368,'Earthquakes','I think that tsunamias form from currents and sometimes earthquakes.   ','2012-10-24 10:09:30'),(17387,'how does preasure break things?',' how does preasure make things break like pipes?  ','2012-10-24 10:11:29'),(17409,'Garbage Dumps','I think that some garbage from dumps or just on the ground get blown into the ocean.  ','2012-10-24 10:14:55'),(17432,'deeper preasure','i think that preasure gets stronger as you go deeper  ','2012-10-24 10:15:24'),(17440,'horrible plastic bags','when sea turtles see plastic bags they think it is jellyfish and eat them they think they are full and starve.  ','2012-10-24 10:18:45'),(17458,'snow formed','i need to know how snow is formed','2012-10-24 10:20:21'),(17464,'','','2012-10-24 10:23:51'),(17470,'Exercising','Because your body needs to sweat when you are exercising and if you don\'t have any water in your body then you get tired cause you can\'t sweat.  ','2012-10-24 10:19:38'),(17533,'moon','how does the moon moves the tide  ','2012-10-24 10:22:04'),(17656,'','','2012-10-31 22:06:31'),(17660,'Our ideas about why there are so many types of birds','Why are there so many types of birds?\n\n-Evolution \n\n- humans evolved from cells to fish to rodents to apes to cave men to people.\n\n- Evolution means something is formed from something else\n\n- Birds come from evolution and they are adding on to the evolution of something else \n\n-The cycle of life - \ntwo birds had babies, those babies had babies, and those babies had babies, and they changed colours along the way, and now we have lots of birds. \n\n-Food chain \n- If there was only 1 kind of bird it would be difficult for it to survive because it would not have much to eat. So, there have to be a lot of different kinds of birds. \n\n-Birds live in different places and eat different things','2012-10-31 22:40:44'),(17670,'Our ideas about which birds have the best chance at survival','What type of bird has the highest chance of survival?\r\n\n-Birds need other kinds of birds to survive. For example, hummingbirds need hawks to help protect them.\n\n-Red-tailed hawks have a high chance of survival because there are a lot of pigeons in the city.\n\n-Pigeons have the highest chance of survival because there are lots and lots of them.\n\n-Hummingbirds because they are protected by bigger birds, like hawks.\n\n we think hawks have the greatest chance at survival because they have practically no predators. They are at the top of the food chain for birds.  ','2012-10-31 22:42:03'),(17821,'','','2012-11-02 11:43:32'),(17824,'','','2012-11-02 11:44:10'),(17827,'','','2012-11-02 11:44:10'),(17838,'birds',' i thingk no  ','2012-11-02 11:49:59'),(17857,'','','2012-11-02 11:44:10'),(17860,'','','2012-11-02 11:44:10'),(17863,'','','2012-11-02 11:44:10'),(17866,'','','2012-11-02 11:44:11'),(17869,'','','2012-11-02 11:44:11'),(17872,'','','2012-11-02 11:44:11'),(17893,'eit','wat pigins eit and wiy tha itit ','2012-11-02 11:44:45'),(17897,'bards','wat is the rarist bard  ','2012-11-02 11:49:57'),(17901,'food chain','wat hocs eet warthaliv thar at the top of                                                                                                                                  the food chan thar the one rarist   ','2012-11-02 11:53:38'),(17903,'','','2012-11-02 11:44:56'),(17908,'','','2012-11-02 11:48:01'),(17920,'','','2012-11-02 11:47:13'),(17923,'','','2012-11-02 11:47:13'),(17938,'ty','1000000','2012-11-02 11:45:34'),(17961,'I want to fly Lick a bird.','I want to fly  to p.s. you are awsem.','2012-11-02 11:49:12'),(17964,'','','2012-11-02 11:46:45'),(17968,'','','2012-11-02 11:49:54'),(18011,'','','2012-11-02 11:49:04'),(18026,'fly','they fly.','2012-11-02 12:00:37'),(18036,'I know!!!!!!!!!!!!!!!!','I know!!!!!!!!!!!!!!!!!!!!!!!!!!!!!!!!!!!!!!!!!!!!!!!!!!!','2012-11-02 11:49:33'),(18039,'','','2012-11-02 11:49:33'),(18047,'','','2012-11-02 11:59:19'),(18132,'daniel','cood a bug make a bird sick\n\n\n\n','2012-11-02 11:52:15'),(18145,'','','2012-11-02 11:52:56'),(18149,'','','2012-11-02 11:56:37'),(18152,'','','2012-11-02 11:56:37'),(18155,'tyzs','birds rock  ','2012-11-02 11:53:03'),(18176,'oil','we can heip if we use less oil    ','2012-11-02 11:53:27'),(18180,'birds','hawks and humming birds are the safest birds ','2012-11-02 11:57:05'),(18208,'','','2012-11-02 11:56:38'),(18211,'','','2012-11-02 11:56:38'),(18214,'','','2012-11-02 11:56:38'),(18217,'','','2012-11-02 11:56:39'),(18220,'','','2012-11-02 11:56:39'),(18223,'','','2012-11-02 11:56:39'),(18226,'','','2012-11-02 11:56:39'),(18258,'','','2012-11-02 11:57:22'),(18261,'','','2012-11-02 11:58:25'),(18264,'','','2012-11-02 11:58:42'),(18409,'','','2012-11-03 20:39:43'),(18416,'Static charge and energy','How does a static charge seem to create energy?','2012-11-03 20:40:54'),(18421,'Visible sparks and electrons','If concentrated electrons make visible sparks, why can\'t you see sparks everywhere?','2012-11-03 20:50:22'),(18435,'Experiment - charges and attraction','Neutrally charged objects are very sensitive to positive and negative charge.\n\nExperiment idea: if you could somehow charge 2 things and put a neutral thing in the middle, would it get more attracted to one or another? Which is stronger, a negative charge or a positive charge?','2012-11-03 20:51:56'),(18453,'Pos or neg charge more powerful?','Is a positive charge more powerful than a negative charge, or vice-versa?\n','2012-11-03 20:53:30'),(18773,'All threads relate to each other','Once we learn more, we might see that all of the threads all relate to each other.','2012-11-05 11:45:06'),(18788,'Electrons and Atoms and Charge','Electrons are the essence of charge. Atoms are the root of everything having to do with electricity. All the threads are related back to atoms.','2012-11-05 11:48:49'),(18800,'How can we be soild?','   if there is so much empty space in atoms, how can we, or anything be so solid?','2012-11-05 11:48:49'),(18805,'Static and Humidity','Why does static charge not work well at high levels of humidity? Why does the charge leak off?','2012-11-05 11:51:33'),(18821,'Positive and negative charge','Whenever you charge one thing positively, you are always charging the other object negatively. If you rub a glass rod with silk, the glass becomes positively charged and the silk becomes negative. It\'s because the electrons move from one to the other.','2012-11-05 11:52:29'),(18827,'','','2012-11-05 11:55:12'),(18835,'Direction of electron flow?','  why electrons flow from the negative side of the battery to the positive side. Why not the other way? ','2012-11-05 11:54:07'),(18858,'','','2012-11-05 11:57:01'),(18862,'What is empty space?','What is empty space made of? What is empty space exactly?','2012-11-05 11:58:14'),(18878,'','','2012-11-05 11:56:47'),(18882,'Atom stability','What can cause an atom to become unstable? Do atoms even need electrons?','2012-11-05 11:58:12'),(18910,'Electromagnet and coil amount','In an electromagnet, why does a coil of wire produce a stronger magnetic field than a single wire?','2012-11-05 12:06:10'),(18989,'Chemical batteries','In the first batteries people used metal plates and acid. Does it need to be a specific type of acid or liquid?','2012-11-05 13:09:54'),(18992,'','','2012-11-05 13:10:19'),(18998,'Negative charge','Why are electrons always negatively charged?','2012-11-05 13:14:13'),(19038,'carbon atoms?','what the difference between carbon atoms and just plain atoms are? and are there other kinds of atoms? are there different things inside them or are they just in different things? I think what makes atoms different is that they probably have different amounts of electrons, protons and nuetrons.  ','2012-11-05 13:52:49'),(19091,'Magnets+Light','is that light does relate to magnets because it did not how would the shakey flashlight work?  ','2012-11-05 13:55:48'),(19106,'','','2012-11-05 13:55:58'),(19114,'','','2012-11-05 13:58:09'),(19117,'electrons can\'t be positvie, that would be a proton','because that\'s what an electron is. If an electron was all positively charged, then it would be a proton.','2012-11-05 13:58:10'),(19138,'','','2012-11-05 13:55:18'),(19166,'might not be right','i don\'t think so i think they\'re just see through or even white','2012-11-05 14:02:23'),(19180,'How does energy do us any good?','How does electricity benifit humans besides playing video and using technology?','2012-11-05 13:57:18'),(19185,'','','2012-11-05 13:58:19'),(19191,'inside of a battery ','is that maybe in a battery there is a lot of electrons in certain parts of it. So when you clip \nmetal to the battery it lets the electrons out and then it just goes back around. I think that inside the ends of the battery are alot of electrons which makes some kind of charge  ','2012-11-05 14:01:07'),(19207,'just the way they are','no, that\'s just the way they are. ','2012-11-05 14:01:17'),(19232,'','','2012-11-05 13:59:40'),(19249,'','','2012-11-05 14:01:18'),(19267,'big and small','is that a bigger battery just lasts longer and a small 9v is stronger then a big 6v but the big 6v just lasts longer because it holds more electrons  ','2012-11-05 14:05:22'),(19290,'why is a lemon a source of energy?','why lemon juice is a source of energy  ','2012-11-05 14:03:22'),(19294,'solar power?','how the sun create energy','2012-11-05 14:06:54'),(19301,'','','2012-11-05 14:06:07'),(19306,'','','2012-11-05 14:36:36'),(19347,'','','2012-11-05 14:09:30'),(19359,'why battery?','why is some types of metal magnetic and some not?\nwhy can you make a magnet with a battery and a fork\nand a normal magnet does not need a battery? ','2012-11-05 14:09:27'),(19383,'electrons ','is that maybe the batteries just hold a different amount of electrons not more But i agree that the big 6v is just bigger than the 9v and it does hold a lot of electrons making it last longer but the bigger it is doesn\'t really matter that much.  ','2012-11-05 14:10:48'),(19393,'random names','i think it\'s just how they are they just randomly name protons electrons','2012-11-05 14:10:44'),(19399,'','','2012-11-05 14:13:11'),(19405,'lightning ','how lightning is powered   ','2012-11-05 14:14:43'),(19463,'positively and negatively ','is that they are actually positively and negatively charged. I don\'t think they just have random names. Because they are not the same because if they were magnets wouldn\'t stick together.  ','2012-11-05 14:15:51'),(19542,'positive + negetive ','is that positive and negetive are attracted to each other and one of the magnets is positive and one is negitive   ','2012-11-05 14:23:23'),(19693,'Population and amounts','It is bad that people around the world are dying cause they don\'t have enough water,but if everybody in the world all had equal access to water our population would grow so much and then none of us will have  enough water and we will die!  ','2012-11-05 14:23:14'),(19993,'what???','what do you mean????','2012-11-05 14:27:09'),(20079,'what i mean','what i mean is that in certain parts of a battery is a lot of electrons. and in the ends where you clip the clips to there are electrons so when you clip the mobbobers to the ends it lets all the electrons go around and back again.','2012-11-05 14:28:01'),(20298,'','','2012-11-05 14:32:28'),(20301,'more 8P','what do yo mean descriebe how you disagree. and i am adding onto mine adding onto yours adding onto mine \ni think that the energy goes around through the wires really quickly and then when you unclip the clips electrons go back into the battery','2012-11-05 14:32:28'),(20307,'inportant stuff','ya!!!!','2012-11-05 14:29:04'),(20314,'','','2012-11-05 14:31:12'),(20503,'i get it!!!','okay i get it i agree (in a different way)','2012-11-05 14:31:15'),(20508,'','','2012-11-05 14:34:26'),(20612,'yeah 8D','8D haha i also want to add that when you use a 6v it works a bit differently than a 9v because of electrons. Because when some people did an the magnet fork thing it only worked with a 6v and when they tried with a 9v it didn\'t work','2012-11-05 14:37:17'),(20618,'SIZE 8{P','i agree but i still think they are different and that the 9v is just fun size (small) (like me)','2012-11-05 14:43:55'),(20722,'agree','i agree but just in different words you know the boring adult way ','2012-11-05 14:36:06'),(20726,'some stuff','in one of the magnets there is positive enrgee and in the other one there is negitive energy wich is like a batterie and positive and negitive is electricity ','2012-11-05 14:37:55'),(20978,'power','is that there is more power you know because it BIG and a 9v is small but powerful so not as much electrons to go around  ','2012-11-05 14:41:38'),(20985,'agree','i agree (your not small your avarige)','2012-11-05 14:45:30'),(22186,'different kinds of atoms','is that the difference between different atoms like atoms inside elements are that they have different amounts of protons and nuetrons\nsurprisingly the electrons don\'t really matter for making different kinds of atoms but you still need them there  ','2012-11-08 11:18:04'),(22193,'traveling around the circut','we disagree because in batterys there are protons, nuetrons and electrons and the light bulbs already have the protons and nuetrons in them and only need electrons to light up so only the electrons move from the battery to the light bulb','2012-11-08 11:22:22'),(22200,'','','2012-11-08 11:20:58'),(22238,'','','2012-11-08 11:26:06'),(22262,'atoms','i agree because h2o has like two protrons and two nuetrons and that what makes it a water atom. electrons can travel from atom to atom.that is why helium floats because it has less protons and nuetrons than oxygen','2012-11-08 11:23:07'),(22266,'','','2012-11-08 11:33:18'),(22275,'combinations of atoms','I respectfully disagree i think that all atoms are the same but they come to gether in difrent combinations to make difrent things.   ','2012-11-08 11:24:46'),(22283,'','','2012-11-08 11:22:50'),(22327,'','','2012-11-08 11:24:37'),(22348,'jhon travoltage','when you rub your foot on the carpet all of the eletrons in the carpet rush to your foot because your foot holds on to electrons beter then the carpet then if you touch some thing metal with your hand then all the electrons rush to the metal and have to pass through your hand so you feel a eleectric shock. ','2012-11-08 11:26:38'),(22382,'','You don\'t say! A nitrogen atom can\'t be the same as a hydrogen or a water atom.\n-Alastair\n','2012-11-08 11:26:40'),(22392,'','','2012-11-08 11:26:51'),(22406,'electricity cells','never mind now I know that different electricity cells have different types of acid like for example a basic electricity cell uses sulfuric acid and another (the leclanche cell) uses a jellylike acid that I don\'t know the name of','2012-11-08 11:28:50'),(22417,'','','2012-11-08 11:28:35'),(22466,'Lighting','Lighting is created when the top of the cloud becomes positive and the bottom of the cloud becomes negitive and the electricity gets discharged through the lighting.\nSimone + Nora ','2012-11-08 11:29:29'),(22476,'','','2012-11-08 11:28:36'),(22513,'','','2012-11-08 11:32:26'),(22515,'','','2012-11-08 11:30:30'),(22518,'','','2012-11-08 11:30:30'),(22527,'','','2012-11-08 11:32:02'),(22553,'video games','how do video games work? We think you might need a memory card, but where will all the wires, and batteries go? And what do they put in the very thin CD? or how is electriity involved it the making of it? and how can there be so many graphics?','2012-11-08 11:31:40'),(22576,'lighnin dicharged ','I agree becausee a way to discharge electrons is through a circut and the cloud and the lightning represents the circut because the bottom of the cloud is negative so the electrons neeed to be discharged through lightning Nora and Simone\'s note was really well written and smart','2012-11-08 11:34:58'),(22579,'','','2012-11-08 11:32:30'),(22582,'','','2012-11-08 11:32:30'),(22585,'we already know well i do anyway you might disagree though but i won\'t get mad i promise.','they all do relate to each other. everything relates to atoms and therefore everything relates to each other!!!!!!!!!!!!!!! :p <3 :) :>','2012-11-08 11:32:30'),(22606,'charges power','is that the two charges are equal in power.   ','2012-11-08 11:33:52'),(22618,'','','2012-11-08 11:35:54'),(22624,'water','is that H2O has the same kind of atoms as ground atoms there just not as compacted   ','2012-11-08 11:33:21'),(22635,'do atoms have colour?','what the colours of atoms are or if the even have colour?  ','2012-11-08 11:33:55'),(22647,'disagree','we disagree because i did research and it proved our theory','2012-11-08 11:34:29'),(22728,'','','2012-11-08 11:38:13'),(22748,'are they right????????????','i don\'t think that its possible to see if atoms have color. but if it was possible i\'d like to know if they actually the books have the right color.','2012-11-08 11:38:13'),(22970,'','','2012-11-15 14:36:58'),(22974,'electric flow','is that the electric curent flows through the metals in the wires that are in a circut  ','2012-11-15 14:37:14'),(22981,'clickers and energy quiz final question answer:)','is that pretend the battery has another wire that takes in from the positive and gives out from the negetive... but somehow stores electricity too. the battery gives off its electron too the wire that transferes it too the bulb etc. the bulb lights up and then the rest of the electrons go into the battery and it keeps on going but finally it runs out because some electrons die in the bulb.   ','2012-11-15 14:37:56'),(22987,'magnets and copper wire <:)','is that if you have copper wire and you coil in in a tube and put a magnet in between and shake it it makes power... or a magnet passing through copper wire quickly:P  ','2012-11-15 14:53:22'),(22993,'camille','i think that it probably an electric pulls it and kinda transitions through the objects and at the light bulb since its really hot warms up the light bulb so it makes a light   ','2012-11-15 14:36:03'),(22997,'','','2012-11-15 14:45:59'),(23001,'','','2012-11-15 14:46:37'),(23004,'surge of power','is that the battery gives it\'s electricity  to the wires so it can deliver it to the next section of the procese. once the wires have the have the electricity it moves wire to wire so it can power every thing in need of electricity that is in the surges line of movement. when the whole circuit has power the surge of electricity will start going around the circuit agin the battery wil still produce power but less and less each time the round of power passes the battery.           ','2012-11-15 14:36:46'),(23015,'eletricity flowing','  the electricity flows through negative and posative wires to the light bulb to turn the light on. eletricity is made up of eletrons','2012-11-15 14:41:47'),(23047,'How Electricity Flows','My theory is that electricity always flows in a circuit. A circuit (in case you don\'t know) is a circle of electric equitment. Usually there\'s a battery, wires, and a light bulb or motor. But there are more types of circuits. Energy flows throughout the wires to the light bulb from the battery. Electricity is a type of energy and the wires are metal and some types of metal are conductors. Conductors conduct the electricity and the electricity flows throughout the circuit reaching the destination, which might be a light bulb and then the light bulbs lights up. And thats my theory of electricity flowing throughout the circuits.','2012-11-15 14:37:27'),(23060,'a circuit','is that one side of the battery needs some protons or netrons from the other side of the battery. but they cant send it through the battery. So my theory is the onr side that to lend some protons or neutrons to the other side, so it sort of forces it around the circuit to get it to the other side of the battery. Another way to explain is that my theory is the the energy is sort of drawed to the light bulb of something and it powers it.  ','2012-11-15 14:37:50'),(23070,'batterys','is almost the exact same ase julian but that the battery is more of the conpont but still needs other componets    ','2012-11-15 14:37:48'),(23085,'I dont know what to call it.','Let\'s say the energy source is a battery. \nI think that the energy would go to the wires attracted by the metal and stuff, then go to the light bulb,','2012-11-15 14:43:34'),(23096,'','','2012-11-15 14:38:52'),(23099,'circuit','is the energy comes from the battery and the energy flows through the copper in the inside wire instead of the outside which is plastic so you can\'t see it and hits the light bulb and the electrons keep charging the light bulb in very quick period of time and light bulb explodes with light    ','2012-11-15 14:38:53'),(23118,'','','2012-11-15 14:39:35'),(23125,'','','2012-11-15 14:41:06'),(23134,'','','2012-11-15 14:41:00'),(23139,'How a circuit work','is that the electrcity go from the battery and go thought the metal stuff in the wires to the light bulb so it will go on.  ','2012-11-15 14:40:00'),(23158,'circuits','a batery works where there are two sides a positive and a negitive with a inselator inbtween them. the negative has more electrons than the posative so the electrons want to go to the positive side and a closed circuit gives them the loop they need to get around the inselator to the other side. when going through a light bulb in the circuit, they go through a tiny wire that starts to glow from the heat and emit light then they move on to the wire and then the other side of the battery.','2012-11-15 14:40:43'),(23160,'','','2012-11-15 14:39:45'),(23163,'','','2012-11-15 14:39:45'),(23168,'Electric flowing :)','my theory on how electic current flows, moves and lights up a light bulb in a circuit is:)\n	I think that the battery always stores electricity current and when a wire comes near it, it\'s kind of like a guard opening up a door, the electricity will spring forward, and will alow the elctricity to travel until the end of the wire, until it connects to the switch, and if the switch is not on, the electricity will stay in the wire. But when the switch is turned on, it will alow the electricity to flow through. The electrictiy will go through the next wire, and then will travel to the light bulb, which will alow the light bulb to turn on. The battery will always run, giving more electricity through. And if the switch is turned off, it it\'s like all the electricity is getting pulled back like a magnet and it will fall back from vthe light, causing it to turn off.\nTA DA!!! ','2012-11-15 14:41:29'),(23193,'','','2012-11-15 14:43:32'),(23197,'CuRrEnT','electricity moves through the wires by current.  current is a flow of force from a charge the gharge acts like a magnet','2012-11-15 14:43:33'),(23208,'electrons[+=less and -=more]','I think electrons try to even things out and when they do this they move from the negative end[more electrons] to the positive end [less electrons].','2012-11-15 14:41:51'),(23241,'','','2012-11-15 14:42:12'),(23245,'','','2012-11-15 14:49:34'),(23260,'why the light lights up','on how electricity moves around to the lightbulb is: when the battery gives out the electricity the electrons want to move around so they travel through wires to the lightbulb and the light lights up.   ','2012-11-15 14:41:54'),(23300,'batterys and wires','the battery creates the electricy by mixing cemicals, the electricity has to stay botteled up in the battery. If a wire conects to the side of the battery then the electricity takes the chance to leave the battery. if you connect another wire to the first one and then connect the seconed wire to the other side of the battery. This creats a circet. It seems like this can go on forever but it cant. It seems like this can go on forever but it cant. Slowley the rubs of on the wire, this is why the more wires you have the less electricity reaches its target.','2012-11-15 14:43:00'),(23309,'','','2012-11-15 14:42:20'),(23334,'','','2012-11-15 14:47:40'),(23360,'camille','i think the electricities hot so it heats up the light bulb','2012-11-15 14:48:52'),(23369,'','','2012-11-15 14:47:36'),(23373,'','','2012-11-15 14:52:47'),(23376,'','','2012-11-15 14:52:48'),(23379,'','','2012-11-15 14:47:48'),(23390,'BATTERIES HOW IT FLOWS','the electricity flows because the wires are holding in the energy starting with the battery moving on to the wire that is holding on to the lightbulb and on the other side of the lightbulb another wire is holding onto it but the reason that works is because the conponets are holding it so the energy can flow through without it stopping and then that will make it a circit.  ','2012-11-15 14:51:33'),(23405,'Currents','Currents flow through metals/conductors. Metals/conductors have electricity flowing through them whenever it is possible.','2012-11-15 14:50:03'),(23410,'','','2012-11-15 14:55:33'),(23413,'AMS thery on circuits','is that electricity goes around in the circut in a circle, not stopping till it powers the light or fan or buzzer. I also think that the electrons are loose in the battery, and that when they are let out of the battery, thay want to find some thing to spin around, so they go to the lightbulb.  ','2012-11-15 14:48:27'),(23461,'','','2012-11-15 14:56:25'),(23475,'Postives and Negatives','I agree that if the positive and negative aren\'t connected that the circuit or whatever you\'re trying to connect wouldn\'t work.','2012-11-15 14:52:26'),(23496,'','','2012-11-15 14:50:31'),(23558,'','','2012-11-15 14:52:38'),(23561,'Electricity Passing Through','is that since the elctrons can\'t pass directly through the battery because the electrolyte blocks them. So, the only way for the electrons to go to the other side of the battery is if you hook it up to a circuit. While it\'s going to the other side of the battery, if you have a light bulb it lights up because the electricity passes through it.  ','2012-11-15 14:52:39'),(23589,'Electricity is building up inside of me.','is that chemicals make electricity and then the metal receivers pick it up and the reaction makes friciton or heat and where heat occurs light occurs. Makes sense?   ','2012-11-15 14:52:49'),(23656,'Wires acting as Switches','My theory is that when two wires de-tatch and re-atatch then that\'s how it works as a switch because I tried it with a light bulb and I pulled away the wires and then when I put them back together the light flickered on and of like a switch.','2012-11-15 14:55:20'),(23672,'','','2012-11-15 14:58:49'),(23698,'','','2012-11-15 14:55:34'),(23701,'','','2012-11-15 14:55:34'),(23705,'','','2012-11-15 14:55:35'),(23708,'','','2012-11-15 14:55:35'),(23715,'','','2012-11-15 14:55:44'),(23738,'','','2012-11-15 14:55:45'),(23742,'','','2012-11-15 14:55:46'),(23746,'','','2012-11-15 14:55:49'),(23754,'hey hey ur wrong','NO WAY JOSE. u cant make electricity out of enything','2012-11-15 14:59:30'),(23762,'Currents2','a light bulb in a circuit works by getting electricity flowing through it in a closed curcuit. tiny electron from the battery flow constantly through the wires trying to fing a new conductor.\nwires in a curcuit carry the electricity to its components.','2012-11-15 14:56:57'),(23775,'','','2012-11-15 14:55:59'),(23780,'I think that is correct because...','I think that is correct because if the + and the - are coming from the same place it is not a proper curcuit ','2012-11-15 14:56:11'),(23841,'','','2012-11-15 15:02:01'),(23876,'NO','No. it has no where to go unless if you build on to your circuit','2012-11-15 15:00:21'),(24040,'Grape','is that there are more ways for food to be transported to canada by plane by car and by careavan  ','2012-11-16 09:10:10'),(24047,'why cant all people be vegtarins?','why arnt all people vectarens.  ','2012-11-16 09:09:59'),(24085,'sarvive','Why do humuns (people) need furits and vegetables  to live and water to sarvive and why don\'t we need candy to live and sarvive?  ','2012-11-16 09:09:57'),(24089,'','','2012-11-16 09:09:58'),(24091,'','','2012-11-16 09:09:30'),(24096,'','','2012-11-16 09:09:50'),(24105,'','','2012-11-16 09:19:11'),(24109,'','','2012-11-16 09:19:12'),(24114,'transportion','is that there are more ways for food to be transported to canada by plane by car and even submarine  ','2012-11-16 09:19:52'),(24118,'','','2012-11-16 09:27:00'),(24122,'','','2012-11-16 09:10:22'),(24133,'','','2012-11-16 09:10:56'),(24147,'why','why cant mangos grow in canada    ','2012-11-16 09:14:58'),(24155,'hot','why some food needs hot temputure and why food only grows in some cuntries?  ','2012-11-16 09:13:09'),(24163,'kismets anser','i think that mango needs hot temputure because the first mango ws in a hot place.  ','2012-11-16 09:18:22'),(24165,'question','why do people like candy?show why people like candy     ','2012-11-16 09:13:18'),(24172,'','','2012-11-16 09:17:42'),(24179,'mangos','that mangos are hot so thay hafe to grow in hot places.  ','2012-11-16 09:17:03'),(24224,'chiken food','we kill chickens for all things that have chickens in the food.  ','2012-11-16 09:17:46'),(24234,'answer to kismet','is because they have different tipes of molecules  ','2012-11-16 09:19:16'),(24251,'life','vegtables are more helthy then candy and candy is not good for our bodys. it is good to have growing food in your lunch and maby two candys.  ','2012-11-16 09:23:40'),(24260,'','','2012-11-16 09:20:38'),(24264,'','','2012-11-16 09:20:39'),(24282,'inviominte','fruits need to live in an helthy inviorminte with light and water to sarvive just like us.  ','2012-11-16 09:21:39'),(24301,'farm','from a farm  ','2012-11-16 09:21:51'),(24307,'why do cows give food','why do cows give so much food(milk and a lot of meat)  ','2012-11-16 09:21:31'),(24318,'why all foods cant gror here','magos cant grow in a cold climet they cant grow here, because mangos have to grow in a waurm climet.','2012-11-16 09:21:51'),(24353,'i','its yummy    ','2012-11-16 09:24:32'),(24360,'answer to harper','because its to cold','2012-11-16 09:28:23'),(24411,'answer to marshall','is because they don\'t like vegetarian  ','2012-11-16 09:27:47'),(24416,'answer to harper','because it\'s cold  ','2012-11-16 09:28:50'),(24438,'','','2012-11-16 09:30:47'),(24451,'food','candy is\'nt real it is not very good for your bodys it is good to have lots of exercise and growing food like: soup,water,chicken,tamatos,crackers.cheese,mango,peach,nectorean,strawberry.rassberry and bread.  ','2012-11-16 09:28:57'),(24456,'just a little advise','food is special just like us with out food we would not be able to live. and with out trees we would not be able to live. just a little advise  ','2012-11-16 09:37:28'),(24482,'answer','becuase candy has to much fat and sugar  ','2012-11-16 09:33:49'),(24513,'meat','','2012-11-16 09:30:48'),(24516,'meat','not all people are vectarens because they like meat sach as (cows chickins pig and turcky on thanks giving.) it is not so good for you so we do not like to have it every day. some people do not like it and so they choes not to have it.  ','2012-11-16 09:30:48'),(24547,'i agree with you','i agree with you','2012-11-16 09:37:12'),(24564,'climet:)','magos need a hot climet to grow. ','2012-11-16 09:34:53'),(24571,'candy is junk food','candy is junk food, and it is a relly bad for you.  ','2012-11-16 09:40:48'),(24597,'','','2012-11-16 09:37:32'),(24602,'trying to survive','is that bananas probaly grow close to mangos because they both need a warm climit to survive  ','2012-11-16 09:39:51'),(24623,'','','2012-11-16 09:45:47'),(24637,'100,000,000','is that we buy a 100,000,000 mangos for 100 dollars and then they ship it to us  ','2012-11-16 09:38:59'),(24644,'','','2012-11-16 09:38:32'),(24647,'agrey','i agrey','2012-11-16 09:38:34'),(24670,'Grape','how people can make grape juice and wine just from one fruit called the grape.  ','2012-11-16 09:47:13'),(24701,'Mangos','','2012-11-16 09:45:54'),(24703,'DO NOT WASTE FOOD!!!!!!!!!!','WE NEED TO HELP ERTH BY NOT WATSING FOOD AND SHARING FOOD  ','2012-11-16 09:41:28'),(24714,'answer to eli','a big plane flew it to us   ','2012-11-16 09:41:37'),(24719,'answer to marshall','not just mangos also oranges, bananas pineapples and other fruits  ','2012-11-16 09:45:46'),(24762,'','','2012-11-16 09:43:10'),(24766,'choclet','choclet was a drik before it was a candy  ','2012-11-16 09:43:50'),(24786,'adam','we orded it!!!!!!!!!!!!!!!!!!!!!','2012-11-16 09:47:26'),(24790,'','','2012-11-16 09:47:56'),(24799,'','','2012-11-16 09:45:54'),(24818,'Mangos','magos can only grow in hot climates because it is to cold in canada and they grow in mexico.  ','2012-11-16 09:49:38'),(24829,'Adam','because in indua they are poor','2012-11-16 09:50:06'),(24853,'','','2012-11-16 09:49:10'),(24859,'','','2012-11-16 09:50:27'),(24892,'','','2012-11-16 09:51:14'),(24911,'','','2012-11-16 09:50:27'),(24917,'','','2012-11-16 09:53:00'),(24920,'','','2012-11-16 09:53:00'),(24941,'','','2012-11-16 09:53:54'),(24956,'','','2012-11-16 09:51:51'),(24970,'','','2012-11-16 09:52:57'),(24973,'fertilizer','why do we have fertilizer? (poo)','2012-11-16 09:52:57'),(25013,'','','2012-11-16 09:59:41'),(25032,'','','2012-11-16 09:53:21'),(25035,'why do people don\'t like vegetable','why do people think that they don\'t like vegetable\'s  ','2012-11-16 09:53:22'),(25038,'','','2012-11-16 09:53:25'),(25053,'rotten!!!!!!!!!!!!!!!!!!!!!!!!!!!!!!!!!!!!!!!!!!!!!!!!!!!!!!!!!!!!!!','i think that only fruits and vegetables rot.  ','2012-11-16 09:54:09'),(25059,'why does food rot','why does food rot?  ','2012-11-16 10:04:20'),(25064,'','','2012-11-16 09:55:29'),(25071,'poo','to help our plants.  ','2012-11-16 09:57:48'),(25076,'only some places','why some foods only grow in some places    ','2012-11-16 09:54:37'),(25083,'','','2012-11-16 09:54:28'),(25087,'','','2012-11-16 09:54:33'),(25090,'','','2012-11-16 09:54:36'),(25095,'','','2012-11-16 09:54:42'),(25100,'','','2012-11-16 09:55:34'),(25104,'','','2012-11-16 09:54:49'),(25108,'vegetarian','why are people vegitian  ','2012-11-16 09:56:21'),(25119,'','','2012-11-16 10:01:10'),(25138,'sweets','why are vegetables better for you than sweets?','2012-11-16 10:00:12'),(25146,'MEAT','why people not like to eat raw meat  ','2012-11-16 09:57:57'),(25150,'Anwser to MEAT','why people don\'t like to eat raw meat is it will make some people sick ','2012-11-16 10:01:09'),(25166,'','','2012-11-16 10:00:27'),(25169,'','','2012-11-16 10:00:27'),(25188,'','','2012-11-16 10:01:18'),(25192,'','','2012-11-16 10:01:25'),(25197,'adam$$','because it is to cold','2012-11-16 10:01:47'),(25201,'','','2012-11-16 10:02:20'),(25205,'','','2012-11-16 10:02:20'),(25245,'','','2012-11-16 10:04:15'),(25258,'','','2012-11-16 10:04:02'),(25261,'bananas','why do bananas grow in hot places? ','2012-11-16 10:04:03'),(25291,'','','2012-11-16 10:05:56'),(25297,'','','2012-11-16 10:06:48'),(25313,'','','2012-11-16 10:07:04'),(25322,'','','2012-11-16 10:06:48'),(25325,'','','2012-11-16 10:06:52'),(25328,'Anwser to rotten!!!!!!!!!!!!!!!!!!!!!!!!!!!!!!!!!!!!','meat,fruit and vegetabeles  ','2012-11-16 10:06:52'),(25342,'','','2012-11-16 10:07:15'),(25374,'poo2','what the...........','2012-11-16 10:08:17'),(25405,'vegetarians','i think that not every body are not vegetarians because people chose to be vegetarians  ','2012-11-16 10:10:28'),(25411,'meat','peple love for exsaple pigs and wants to save meat.  ','2012-11-16 10:13:28'),(25418,'yd7ug ozcsugh','your right.\n','2012-11-16 10:19:43'),(25430,'','','2012-11-16 10:10:44'),(25434,'poo?','why are you talking abot poo!!!!!','2012-11-16 10:10:44'),(25452,'','','2012-11-16 10:14:30'),(25467,'food ','why food is important','2012-11-16 10:11:41'),(25475,'','','2012-11-16 10:17:32'),(25483,'','','2012-11-16 10:13:50'),(25491,'fish!!!!!!!!!!!!!!!!!!!!!!!!!!!!!!!!!!!!!!!!!!!!!!!!!!:)','i think fish might rot as well as fruits and vegetables   ','2012-11-16 10:14:38'),(25509,'','','2012-11-16 10:14:30'),(25518,'','','2012-11-16 10:16:16'),(25542,'','','2012-11-16 10:15:18'),(25546,'suger','how do people find suger?  ','2012-11-16 10:18:25'),(25560,'','','2012-11-16 10:16:16'),(25567,'COLE!!!!!!!!!!!!','whhy food is inportent is why would you ask that question ?????  ','2012-11-16 10:16:43'),(25576,'','','2012-11-16 10:20:52'),(25597,'','','2012-11-16 10:17:28'),(25603,'mangos','it is because they need the warmth and the sun to grow  ','2012-11-16 10:18:11'),(25616,'','','2012-11-16 10:17:33'),(25630,'GREEN!!!!!!!','it changes coler in the food proses like bananas are green when they just start growing  ','2012-11-16 10:21:18'),(25635,'','','2012-11-16 10:18:29'),(25639,'why dose some food grow here and some dose not','why dose not alot of food  groe here?','2012-11-16 10:18:50'),(25672,'raw fish','a lot of people like raw fish you mostly find it at sushi resteraunts.  ','2012-11-16 10:22:52'),(25683,'','','2012-11-16 10:20:52'),(25688,'','','2012-11-16 10:20:56'),(25691,'','','2012-11-16 10:20:57'),(25701,'iliana','Iliana I all ready anwsered my qution','2012-11-16 10:23:50'),(25712,'FOOD!!!!!!','there are lots of diferent types of foods that are good for you  ','2012-11-16 10:24:34'),(25716,'RICE!!!!!!','how come rice growes in water  ','2012-11-16 10:26:15'),(25768,'','','2012-11-16 10:26:47'),(25771,'','','2012-11-16 10:26:47'),(25920,'Different charges','Different Charges\n- There are only 2 electric charges\n- But there are things smaller than protons, neutrons and electrons,\nthose things have different charges\n- charges can flow from 1 thing to another when the charges are unbalanced','2012-11-20 10:04:05'),(25926,'Electromagnet Magnetic Field','Electromagnet Magnetic Field\n\n','2012-11-20 10:06:38'),(25942,'Empty Space','What is empty space made of?\n- empty space is not a true vacuum\n- four things that are in empty space: \n  radiation, space, dust, neutrons, gravitational field\n- atoms are not like solar systems, they are more like stair cases\n- empty space isn\'t empty space at all\n\nProbably not true theories:\n- there is probably a lot more going on in the empty space than we\nthink such as...\n- if there are things smaller than a neutron than there might be a\nforce or particle that is swirling around and doing lots of stuff in\nthat space\n- what if empty space is just as important as atoms in the creation of\nsolid forms\n- if we weren\'t 99.99% empty space and we were totally solid than\nwould we be so solid that we would be super heavy?','2012-11-20 10:09:58'),(25960,'Light','- How clouds and light make a rainbow\nSupplies: 1. candle or lighter\n2. matches\n3. wood splints\n4. 2 liter bottle with cap\n5. water\n- electricity and magnetism are directly related\n- light is made out of streams of particles\n- light is made of electro-magnetic radiation\n- what is light made of?\n- what do light and heat have to do with each other?\n- what about energy?','2012-11-20 10:10:55'),(25973,'Nuclear bombs','Nuclear bomb\n- to make a nuclear bomb take some uranium 238 and extract uranium 235, then add a neutron and it makes it uranium 236 which is very explosive','2012-11-20 10:14:00'),(26003,'Why does magnetic power flow through coins?',' Magnets can make other metals magnets. The top magnet makes the next one a magnet, and that one makes the next one maget, etc ...\n  ','2012-11-21 10:28:08'),(26023,'Can atoms be created and destroyed?',' Can atoms be created and destroyed?   They just get smaller. Sometimes when they get smaller they get sticked to other atoms and become bigger again. I also figured out they can be created but it needs too much energy to do. But other people were siaagreeing so that it\'s still being researched.  ','2012-11-21 10:30:10'),(26028,'Floaty things','When Ben did the floty thing, it went straight up the middle but when I did it, it stuck to the side.','2012-11-21 10:31:35'),(26044,'quark',' Electrons protons are made of things called quark.  ','2012-11-21 10:33:10'),(26049,'Metals\' magnetic power',' Why is some metal magnetic and some not?\nWe experimented with some metals, and here are our findings:\n- The 1996/1986 nickels/zinc aren\'t magnetic. (Maybe because they couldn\'t get the right material.)\n- The copper is not magnet.\n- A table showing magnet power of metals (below).\n\nMetal	Power\nGS	3\nA	1\nC	1\nN	6\nI	5\nZ	4\n(6 = a ton, 1 = none)','2012-11-21 10:34:34'),(26066,'Atomic bombs','An atomic bomb works by making a chain reaction.\nA chain reaction is a combination of continous nuclear fission reaction because the nuclear resulting: \n\nU235 + neutron = Huge energy.\n\nFun facts: Did you know another name for a chain reaction is a nuclear fission?','2012-11-21 10:37:14'),(26072,'Why does a magnet throw off a compass?',' A magnet throws off a compass because all magnets have a magnetic field and compasses are very sensitive to magnetic fields.\n\n[picture: the magnet makes the needle of the compass point to the magnet.]','2012-11-21 10:39:05'),(26088,'Our problems and plans','Our problems:\n1. Why are there protons and neutrons in the nucleus? Do they need to be there?\n2. Are there other types of charges that we do not know about?\n3. What is light? Where does it come from? Why does a static shock create light?\n4. Do atoms contain energy? How dod they do it? How does an atomic bomb work?\n5. Can atoms and their electrons be created or destroyed? How can we do this?\n6. How do magnets work? Why do they throw compasses off?\n7. What are electrons made out of? Is there something smaller?\n\nWhat we need to do ...\n1. Invite a scientist to come and speak about atoms.\n2. We should dissect a battery and try to use the insides to power different objects.\n3. We should cut a magnet open to see if it still works.\n4. We should look deeper into how light works. What is it? How does it function?\n5. Experiment with different types of metals. Which one is more magnetic.\n6. What is the connection between magnets and electricity?','2012-11-21 10:40:06'),(26093,'Quarks, and other particles','We tried to make fire with a flashlight through a magnifing glasses but it didn\'t work because you need solar power.\n\n- Atoms can be divided into smaller particles.\n- Protons and neutrons can be seperated from each other. Also they are made of smaller particles which is called quarks.\n- You can make atoms smaller by exploding them.\n- Only electrons cannot be splitted.\n\n- Neutrons are made of two down quarks and one up quarks.\n- Up quarks have a charge of +2/3.\n- A proton is two thousands times heavier than an electron. Neutrons are 1,839 times heavier than one electron.\n- Down quarks are the second lightest, the first lightest is up quarks.\n- Down quarks are fermions, which mean no two of them can not be in the same space at the same time.\n- Up quarks are so small that scientists believe they can not be divided any more.','2012-11-21 10:40:53'),(26366,'glaicers and tsunamies','melting ice caps and/or glaiciers can creat tsunamies. the more they melt, the more they happen and/or get more powerful. i read this in my article and from the film \"chasing ice.\" i realy think you should go to it. ','2012-11-23 09:10:14'),(26378,'tsunami rise above',' people in our class were wondering about tsunamis and there were so many notes that we needed to make a rise above. all the tsunami notes live here.\n\n\nhere is what we know: we know that tsunamis can be formed by many diferent things (glaciers, tectonic plates, etc, etc,)\nthe farther out you will feel less of the impact from the tsunami than if you were on the shore.\ntsunami is the japanies word for \"harbor wave\"\n\nhere is what we want to know: ','2012-11-23 09:17:59'),(26439,'','','2012-11-23 09:33:01'),(26442,'','','2012-11-23 09:33:01'),(26445,'pollutoin ','water that may not look polluted can be polluted ','2012-11-23 09:33:02'),(26451,'','','2012-11-23 09:40:46'),(26454,'lundry','lundry detergents can leak in to the water and pollut','2012-11-23 09:40:47'),(26480,'','','2012-11-23 09:37:12'),(26504,'palooted water','some people do not have good access to water because some places have palooted water and some places have really dry lands.    ','2012-11-23 09:39:03'),(26617,'Atoms!','Atoms are made of protons, neutrons and electrons and most importantly, empty space! The electrons circle around the nucleus and the nucleus is the protons and neutrons added together. The number of protons detemin the type of atoms. Protons and neutrons are the nucleus and the electrons never touch. There are many types of atoms such as the carbon atoms and hydrogen atoms. Hydrogen atoms are made up of electrons and protons NO neutrons at all. The number of protons and electrons have to match because of positive and negative charges. ','2012-11-29 14:22:28'),(26653,'','','2012-11-29 14:36:33'),(26657,'','','2012-11-29 14:36:34'),(26663,'','','2012-11-29 14:36:30'),(26675,'','','2012-11-29 14:36:41'),(26694,'','','2012-11-29 15:04:36'),(26726,'Atoms in Insulators','If atoms help electricity.... than how about insulators? Atoms are in us, and we are insulators.... but metal is conductors.....','2012-11-29 14:48:12'),(27141,'','','2012-12-09 00:07:48'),(27733,'','','2012-12-11 17:17:39'),(27743,'','','2012-12-11 17:33:16'),(28169,'','','2012-12-13 11:38:36'),(28882,'中文测试','中文测试','2012-12-18 13:10:54'),(28930,'','','2012-12-20 11:29:17'),(28934,'','','2012-12-20 11:29:37'),(28942,'owl pellet','what bone did you finde Most  ','2012-12-20 11:34:15'),(28955,'','','2012-12-20 11:30:21'),(28959,'','','2012-12-20 11:34:40'),(28974,'fly','birds fly to get away from pretetors ','2012-12-20 11:31:20'),(28980,'food','it depends what kind of bird they are','2012-12-20 11:34:31'),(28999,'note','what did you find  in  your  owl  pelite?','2012-12-20 11:32:26'),(29003,'owl pelit','what did you find in your owl pelit?  ','2012-12-20 11:38:53'),(29009,'bad owl pelets ','owl peletsitssmell bad  ','2012-12-20 11:32:18'),(29053,'not just oil','but we don\'t just have to use less oil we also need to stop using cemmecles  ','2012-12-20 11:35:15'),(29062,'','','2012-12-20 11:36:51'),(29066,'','','2012-12-20 11:37:00'),(29069,'','','2012-12-20 11:37:01'),(29084,'','','2012-12-20 11:37:01'),(29087,'','','2012-12-20 11:37:01'),(29091,'','','2012-12-20 11:37:02'),(29096,'','','2012-12-20 11:37:03'),(29102,'mommy','0','2012-12-20 11:38:07'),(29138,'','','2012-12-20 11:40:28'),(29142,'','','2012-12-20 11:40:33'),(29177,'','','2012-12-20 11:46:01'),(29181,'','','2012-12-20 11:48:41'),(29185,'owl','.in my owl pelat i found a skull of a shrew and lots of...to be cantinyoud  ','2012-12-20 11:49:32'),(29189,'beacs','owl palit beacs ar somtims yelow    ','2012-12-20 11:49:00'),(29194,'!!','    ','2012-12-20 11:54:58'),(29226,'','','2012-12-20 11:48:29'),(29230,'','','2012-12-20 11:48:58'),(29237,'','','2012-12-20 11:48:57'),(29270,'my owl pellet','Ithink my owl ate a rodent because almost all of the bones came from a rodent  \n                                           \n\n','2012-12-20 11:48:16'),(29275,'why do owls make pellets?','why do owls make pellets?  ','2012-12-20 11:59:49'),(29288,'fliy 2',' bekas they have wings','2012-12-20 11:50:55'),(29306,'','','2012-12-20 11:50:18'),(29310,'what owls eat','owl pelets have sculls and bones.owls eat moles voles shrew and varied thrush   ','2012-12-20 11:54:25'),(29324,'fliy1','thats there life  ','2012-12-20 11:59:09'),(29329,'joshua',' no I don\'t think there so bad.Then we could\'nt disect any owl pellets.Why,well because some people, actually alot of people, love disecting owl pellets that they would almost [bad word alert not to bad though] die with out owl pellets.That\'s why I disagree.   ','2012-12-20 11:51:47'),(29349,'','','2012-12-20 11:52:12'),(29354,'','','2012-12-20 11:52:51'),(29358,'lots of food for an owl','owls eat lots of things including things NOT in our owl pellets.like weasels,for example,they were not in our owl pellets.   ','2012-12-20 11:53:10'),(29370,'','','2012-12-20 11:53:54'),(29374,'','','2012-12-20 11:56:09'),(29387,'!!!','wiy ar the bons so smol!!! !!!!																																	  ','2012-12-20 11:57:11'),(29408,'','','2012-12-20 11:56:28'),(29417,'food chain','the plants feeds the slug the slug feed the mole the mole feeds the owl. its on the food chain chart.   ','2012-12-20 11:57:13'),(29429,'','','2012-12-20 11:57:32'),(29470,'alate','10000  ','2012-12-20 12:02:26'),(29618,'zayd','    we learnd abewt owl                                       pelits we fawnd skulls and mandibals andalotofatharthings we also fawndewt that owls et brds lic          fore i                                                                            ','2012-12-21 10:45:21'),(29622,'','','2012-12-21 11:27:34'),(29629,'','','2012-12-21 10:46:31'),(29636,'','','2012-12-21 11:04:43'),(29924,'','','2012-12-22 03:00:51'),(29930,'測試123','','2012-12-22 03:01:12');
/*!40000 ALTER TABLE `note_table` ENABLE KEYS */;
UNLOCK TABLES;

--
-- Table structure for table `project`
--

DROP TABLE IF EXISTS `project`;
/*!40101 SET @saved_cs_client     = @@character_set_client */;
/*!40101 SET character_set_client = utf8 */;
CREATE TABLE `project` (
  `idProject` int(11) NOT NULL auto_increment,
  `projectname` varchar(200) default NULL,
  `teacher` varchar(200) default NULL,
  `school` varchar(200) default NULL,
  `fromyear` varchar(20) default NULL,
  `toyear` varchar(20) default NULL,
  `projectowner` varchar(200) default NULL,
  `deleted` int(11) default NULL,
  PRIMARY KEY  (`idProject`)
) ENGINE=InnoDB AUTO_INCREMENT=6 DEFAULT CHARSET=utf8;
/*!40101 SET character_set_client = @saved_cs_client */;

--
-- Dumping data for table `project`
--

LOCK TABLES `project` WRITE;
/*!40000 ALTER TABLE `project` DISABLE KEYS */;
INSERT INTO `project` VALUES (4,'Electricity (Ben Gr5/6)','Ben Peebles','Dr. Eric Jackman Institute of Child Study','2012','2013','benp',0),(5,'Electricity (Julia Gr5/6)','Julia Murraye and Sarah Hammond','Dr. Eric Jackman Institute of Child Study','2012','2012','juliam',0);
/*!40000 ALTER TABLE `project` ENABLE KEYS */;
UNLOCK TABLES;

--
-- Table structure for table `project_grade`
--

DROP TABLE IF EXISTS `project_grade`;
/*!40101 SET @saved_cs_client     = @@character_set_client */;
/*!40101 SET character_set_client = utf8 */;
CREATE TABLE `project_grade` (
  `projectid` int(11) default NULL,
  `grade` varchar(45) default NULL,
  KEY `proid1_fk` (`projectid`),
  CONSTRAINT `proid1_fk` FOREIGN KEY (`projectid`) REFERENCES `project` (`idProject`) ON DELETE CASCADE ON UPDATE CASCADE
) ENGINE=InnoDB DEFAULT CHARSET=utf8;
/*!40101 SET character_set_client = @saved_cs_client */;

--
-- Dumping data for table `project_grade`
--

LOCK TABLES `project_grade` WRITE;
/*!40000 ALTER TABLE `project_grade` DISABLE KEYS */;
INSERT INTO `project_grade` VALUES (4,'5'),(4,'6'),(5,'5'),(5,'6');
/*!40000 ALTER TABLE `project_grade` ENABLE KEYS */;
UNLOCK TABLES;

--
-- Table structure for table `project_group`
--

DROP TABLE IF EXISTS `project_group`;
/*!40101 SET @saved_cs_client     = @@character_set_client */;
/*!40101 SET character_set_client = utf8 */;
CREATE TABLE `project_group` (
  `projectid` int(11) default NULL,
  `groupid` int(11) default NULL,
  KEY `proid_fk` (`projectid`),
  KEY `group_fk` (`groupid`),
  KEY `project_fk` (`projectid`),
  CONSTRAINT `group_fk` FOREIGN KEY (`groupid`) REFERENCES `group_table` (`idgroup`) ON DELETE CASCADE ON UPDATE CASCADE,
  CONSTRAINT `project_fk` FOREIGN KEY (`projectid`) REFERENCES `project` (`idProject`) ON DELETE CASCADE ON UPDATE CASCADE
) ENGINE=InnoDB DEFAULT CHARSET=utf8;
/*!40101 SET character_set_client = @saved_cs_client */;

--
-- Dumping data for table `project_group`
--

LOCK TABLES `project_group` WRITE;
/*!40000 ALTER TABLE `project_group` DISABLE KEYS */;
INSERT INTO `project_group` VALUES (4,153),(5,157);
/*!40000 ALTER TABLE `project_group` ENABLE KEYS */;
UNLOCK TABLES;

--
-- Table structure for table `project_thread`
--

DROP TABLE IF EXISTS `project_thread`;
/*!40101 SET @saved_cs_client     = @@character_set_client */;
/*!40101 SET character_set_client = utf8 */;
CREATE TABLE `project_thread` (
  `projectid` int(11) NOT NULL,
  `threadfocus` varchar(100) NOT NULL,
  `author` varchar(100) default NULL,
  KEY `project_thread_fk` (`projectid`),
  KEY `project_thread_fk1` (`projectid`),
  CONSTRAINT `project_thread_fk1` FOREIGN KEY (`projectid`) REFERENCES `project` (`idProject`) ON DELETE CASCADE ON UPDATE CASCADE
) ENGINE=InnoDB DEFAULT CHARSET=utf8;
/*!40101 SET character_set_client = @saved_cs_client */;

--
-- Dumping data for table `project_thread`
--

LOCK TABLES `project_thread` WRITE;
/*!40000 ALTER TABLE `project_thread` DISABLE KEYS */;
INSERT INTO `project_thread` VALUES (5,'soures of power',NULL),(5,'current',NULL),(4,'light',NULL),(4,'Magnets',NULL),(4,'Voltage and Charge',NULL),(4,'static',NULL),(5,'circuits',NULL),(4,'batteries',NULL),(5,'batterys',NULL),(5,'conductors',NULL),(5,'electric flow',NULL),(5,'Static',NULL),(5,'Atoms',NULL),(4,'atoms',NULL),(4,'Electrons',NULL),(4,'Energy',NULL);
/*!40000 ALTER TABLE `project_thread` ENABLE KEYS */;
UNLOCK TABLES;

--
-- Table structure for table `thread_idea`
--

DROP TABLE IF EXISTS `thread_idea`;
/*!40101 SET @saved_cs_client     = @@character_set_client */;
/*!40101 SET character_set_client = utf8 */;
CREATE TABLE `thread_idea` (
  `projectid` int(11) NOT NULL,
  `threadfocus_idea` varchar(100) NOT NULL,
  `createtime` datetime NOT NULL,
  `idea` text,
  `author_idea` varchar(45) default NULL,
  KEY `thread_idea_fk` (`projectid`)
) ENGINE=InnoDB DEFAULT CHARSET=utf8;
/*!40101 SET character_set_client = @saved_cs_client */;

--
-- Dumping data for table `thread_idea`
--

LOCK TABLES `thread_idea` WRITE;
/*!40000 ALTER TABLE `thread_idea` DISABLE KEYS */;
INSERT INTO `thread_idea` VALUES (4,'light','2012-11-15 11:52:26','','erica'),(4,'Magnets','2012-11-15 11:56:14','','palmer'),(4,'Magnets','2012-11-15 11:56:15','\r\n		','palmer'),(4,'Magnets','2012-11-15 11:56:16','\r\n		\r\n		','palmer'),(4,'Magnets','2012-11-15 11:56:16','\r\n		\r\n		\r\n		','palmer'),(4,'Magnets','2012-11-15 11:56:17','\r\n		\r\n		\r\n		','palmer'),(4,'Magnets','2012-11-15 11:56:17','\r\n		\r\n		\r\n		\r\n		','palmer'),(4,'Magnets','2012-11-15 11:56:17','\r\n		\r\n		\r\n		\r\n		','palmer'),(4,'Magnets','2012-11-15 11:56:17','\r\n		\r\n		\r\n		\r\n		','palmer'),(4,'Magnets','2012-11-15 11:56:18','\r\n		\r\n		\r\n		\r\n		','palmer'),(4,'Magnets','2012-11-15 11:56:18','\r\n		\r\n		\r\n		\r\n		\r\n		','palmer'),(4,'Magnets','2012-11-15 11:56:18','\r\n		\r\n		\r\n		\r\n		\r\n		','palmer'),(4,'Magnets','2012-11-15 11:56:19','\r\n		\r\n		\r\n		\r\n		\r\n		','palmer'),(4,'Magnets','2012-11-15 11:56:19','\r\n		\r\n		\r\n		\r\n		\r\n		\r\n		','palmer'),(4,'Magnets','2012-11-15 11:56:19','\r\n		\r\n		\r\n		\r\n		\r\n		\r\n		','palmer'),(4,'Magnets','2012-11-15 11:56:20','\r\n		\r\n		\r\n		\r\n		\r\n		\r\n		','palmer'),(4,'Magnets','2012-11-15 11:56:20','\r\n		\r\n		\r\n		\r\n		\r\n		\r\n		\r\n		','palmer'),(4,'Magnets','2012-11-15 11:56:21','\r\n		\r\n		\r\n		\r\n		\r\n		\r\n		\r\n		','palmer'),(4,'Magnets','2012-11-15 11:56:21','\r\n		\r\n		\r\n		\r\n		\r\n		\r\n		\r\n		\r\n		','palmer'),(4,'Magnets','2012-11-15 11:56:21','\r\n		\r\n		\r\n		\r\n		\r\n		\r\n		\r\n		\r\n		','palmer'),(4,'Magnets','2012-11-15 11:56:22','\r\n		\r\n		\r\n		\r\n		\r\n		\r\n		\r\n		\r\n		','palmer'),(4,'Magnets','2012-11-15 11:56:22','\r\n		\r\n		\r\n		\r\n		\r\n		\r\n		\r\n		\r\n		\r\n		','palmer'),(4,'Magnets','2012-11-15 11:56:22','\r\n		\r\n		\r\n		\r\n		\r\n		\r\n		\r\n		\r\n		\r\n		','palmer'),(4,'light','2012-11-15 11:57:11',' \r\n * light can be found in anything from a spark to the sun\r\n\r\n *  light can relate to anything\r\n\r\n\r\n','erica'),(4,'Magnets','2012-11-15 11:58:38','\r\n		\r\n		\r\n		\r\n		\r\n		\r\n		\r\n		\r\n		\r\n		','palmer'),(4,'Magnets','2012-11-15 11:58:41','\r\n		\r\n		\r\n		\r\n		\r\n		\r\n		\r\n		\r\n		\r\n		\r\n		','palmer'),(4,'Magnets','2012-11-15 11:58:42','\r\n		\r\n		\r\n		\r\n		\r\n		\r\n		\r\n		\r\n		\r\n		\r\n		\r\n		','palmer'),(4,'Magnets','2012-11-15 11:58:42','\r\n		\r\n		\r\n		\r\n		\r\n		\r\n		\r\n		\r\n		\r\n		\r\n		\r\n		\r\n		','palmer'),(4,'Magnets','2012-11-15 11:58:42','\r\n		\r\n		\r\n		\r\n		\r\n		\r\n		\r\n		\r\n		\r\n		\r\n		\r\n		\r\n		','palmer'),(4,'Magnets','2012-11-15 11:58:43','\r\n		\r\n		\r\n		\r\n		\r\n		\r\n		\r\n		\r\n		\r\n		\r\n		\r\n		\r\n		','palmer'),(4,'Magnets','2012-11-15 11:58:43','\r\n		\r\n		\r\n		\r\n		\r\n		\r\n		\r\n		\r\n		\r\n		\r\n		\r\n		\r\n		\r\n		','palmer'),(4,'Magnets','2012-11-15 11:58:44','\r\n		\r\n		\r\n		\r\n		\r\n		\r\n		\r\n		\r\n		\r\n		\r\n		\r\n		\r\n		\r\n		','palmer'),(4,'Magnets','2012-11-15 11:58:44','\r\n		\r\n		\r\n		\r\n		\r\n		\r\n		\r\n		\r\n		\r\n		\r\n		\r\n		\r\n		\r\n		\r\n		','palmer'),(4,'Magnets','2012-11-15 11:58:45','\r\n		\r\n		\r\n		\r\n		\r\n		\r\n		\r\n		\r\n		\r\n		\r\n		\r\n		\r\n		\r\n		\r\n		','palmer'),(4,'Magnets','2012-11-15 11:58:45','\r\n		\r\n		\r\n		\r\n		\r\n		\r\n		\r\n		\r\n		\r\n		\r\n		\r\n		\r\n		\r\n		\r\n		\r\n		','palmer'),(4,'Magnets','2012-11-15 11:58:46','\r\n		\r\n		\r\n		\r\n		\r\n		\r\n		\r\n		\r\n		\r\n		\r\n		\r\n		\r\n		\r\n		\r\n		\r\n		','palmer'),(4,'Magnets','2012-11-15 11:58:46','\r\n		\r\n		\r\n		\r\n		\r\n		\r\n		\r\n		\r\n		\r\n		\r\n		\r\n		\r\n		\r\n		\r\n		\r\n		\r\n		','palmer'),(4,'Magnets','2012-11-15 11:58:47','\r\n		\r\n		\r\n		\r\n		\r\n		\r\n		\r\n		\r\n		\r\n		\r\n		\r\n		\r\n		\r\n		\r\n		\r\n		\r\n		','palmer'),(4,'Magnets','2012-11-15 11:58:47','\r\n		\r\n		\r\n		\r\n		\r\n		\r\n		\r\n		\r\n		\r\n		\r\n		\r\n		\r\n		\r\n		\r\n		\r\n		\r\n		\r\n		','palmer'),(4,'static','2012-11-15 11:58:58','','nora'),(4,'static','2012-11-15 12:01:08','\r\n		','nora'),(4,'light','2012-11-15 12:02:47',' \r\n * light can be found in anything from a spark to the sun\r\n\r\n *  light can relate to anything\r\n\r\n\r\n\r\n\r\n		','erica'),(4,'light','2012-11-15 12:03:07',' \r\n * light can be found in anything from a spark to the sun\r\n\r\n *  light can relate to anything\r\n\r\n\r\n\r\n\r\n		\r\n		','erica'),(4,'Voltage and Charge','2012-11-15 12:03:39','everything is made of adams\r\n\r\nthe atoms are made out of protons nuetrons and electrons\r\n\r\nthe nucleaus is dense','kay'),(4,'Voltage and Charge','2012-11-15 12:03:41','everything is made of adams\r\n\r\nthe atoms are made out of protons nuetrons and electrons\r\n\r\nthe nucleaus is dense\r\n		','kay'),(4,'Voltage and Charge','2012-11-15 12:03:42','everything is made of adams\r\n\r\nthe atoms are made out of protons nuetrons and electrons\r\n\r\nthe nucleaus is dense\r\n		\r\n		','kay'),(4,'Voltage and Charge','2012-11-15 12:03:44','everything is made of adams\r\n\r\nthe atoms are made out of protons nuetrons and electrons\r\n\r\nthe nucleaus is dense\r\n		\r\n		\r\n		','kay'),(4,'Voltage and Charge','2012-11-15 12:03:48','everything is made of adams\r\n\r\nthe atoms are made out of protons nuetrons and electrons\r\n\r\nthe nucleaus is dense\r\n		\r\n		\r\n		\r\n		','kay'),(4,'Voltage and Charge','2012-11-15 12:03:49','everything is made of adams\r\n\r\nthe atoms are made out of protons nuetrons and electrons\r\n\r\nthe nucleaus is dense\r\n		\r\n		\r\n		\r\n		\r\n		','kay'),(4,'static','2012-11-15 12:06:04','Even though we need to learn a lot more we still have some knowledge, like lighting,  what causes lighting is when the top of the cloud becomes positive and the bottom becomes negative, when electricity in the lighting gets discharged it shoots down to us in a lighting form. Then the cloud becomes equal once more. We also know \r\n\r\n		\r\n		','nora'),(4,'Magnets','2012-11-15 12:06:56','	\r\n		\r\n		\r\n		\r\n		\r\n		\r\n		\r\n		\r\n		\r\n		\r\n		\r\n		\r\n		','palmer'),(4,'Magnets','2012-11-15 12:06:56','	\r\n		\r\n		\r\n		\r\n		\r\n		\r\n		\r\n		\r\n		\r\n		\r\n		\r\n		\r\n		\r\n		','palmer'),(4,'Magnets','2012-11-15 12:06:56','	\r\n		\r\n		\r\n		\r\n		\r\n		\r\n		\r\n		\r\n		\r\n		\r\n		\r\n		\r\n		\r\n		','palmer'),(4,'Magnets','2012-11-15 12:06:56','	\r\n		\r\n		\r\n		\r\n		\r\n		\r\n		\r\n		\r\n		\r\n		\r\n		\r\n		\r\n		\r\n		','palmer'),(4,'static','2012-11-15 12:07:14','Even though we need to learn a lot more we still have some knowledge, like lighting,  what causes lighting is when the top of the cloud becomes positive and the bottom becomes negative, when electricity in the lighting gets discharged it shoots down to us in a lighting form. Then the cloud becomes equal once more. We also know that current can flow not just through Electrons but particles called Ions they are charged Atoms. \r\n\r\n		\r\n		\r\n		','nora'),(4,'Voltage and Charge','2012-11-15 12:07:32','everything is made of adams\r\n\r\nthe atoms are made out of protons nuetrons and electrons\r\n\r\nthe nucleaus is dense\r\n		\r\n		\r\n		\r\n		\r\n		\r\n		','kay'),(4,'Voltage and Charge','2012-11-15 12:07:33','everything is made of adams\r\n\r\nthe atoms are made out of protons nuetrons and electrons\r\n\r\nthe nucleaus is dense\r\n		\r\n		\r\n		\r\n		\r\n		\r\n		\r\n		','kay'),(4,'Voltage and Charge','2012-11-15 12:07:34','everything is made of adams\r\n\r\nthe atoms are made out of protons nuetrons and electrons\r\n\r\nthe nucleaus is dense\r\n		\r\n		\r\n		\r\n		\r\n		\r\n		\r\n		\r\n		','kay'),(4,'Voltage and Charge','2012-11-15 12:07:34','everything is made of adams\r\n\r\nthe atoms are made out of protons nuetrons and electrons\r\n\r\nthe nucleaus is dense\r\n		\r\n		\r\n		\r\n		\r\n		\r\n		\r\n		\r\n		\r\n		','kay'),(4,'Voltage and Charge','2012-11-15 12:07:34','everything is made of adams\r\n\r\nthe atoms are made out of protons nuetrons and electrons\r\n\r\nthe nucleaus is dense\r\n		\r\n		\r\n		\r\n		\r\n		\r\n		\r\n		\r\n		\r\n		','kay'),(4,'Voltage and Charge','2012-11-15 12:07:34','everything is made of adams\r\n\r\nthe atoms are made out of protons nuetrons and electrons\r\n\r\nthe nucleaus is dense\r\n		\r\n		\r\n		\r\n		\r\n		\r\n		\r\n		\r\n		\r\n		','kay'),(4,'Voltage and Charge','2012-11-15 12:07:34','everything is made of adams\r\n\r\nthe atoms are made out of protons nuetrons and electrons\r\n\r\nthe nucleaus is dense\r\n		\r\n		\r\n		\r\n		\r\n		\r\n		\r\n		\r\n		\r\n		','kay'),(4,'Voltage and Charge','2012-11-15 12:07:35','everything is made of adams\r\n\r\nthe atoms are made out of protons nuetrons and electrons\r\n\r\nthe nucleaus is dense\r\n		\r\n		\r\n		\r\n		\r\n		\r\n		\r\n		\r\n		\r\n		','kay'),(4,'Voltage and Charge','2012-11-15 12:07:35','everything is made of adams\r\n\r\nthe atoms are made out of protons nuetrons and electrons\r\n\r\nthe nucleaus is dense\r\n		\r\n		\r\n		\r\n		\r\n		\r\n		\r\n		\r\n		\r\n		\r\n		','kay'),(4,'Voltage and Charge','2012-11-15 12:07:35','everything is made of adams\r\n\r\nthe atoms are made out of protons nuetrons and electrons\r\n\r\nthe nucleaus is dense\r\n		\r\n		\r\n		\r\n		\r\n		\r\n		\r\n		\r\n		\r\n		\r\n		','kay'),(4,'Voltage and Charge','2012-11-15 12:07:35','everything is made of adams\r\n\r\nthe atoms are made out of protons nuetrons and electrons\r\n\r\nthe nucleaus is dense\r\n		\r\n		\r\n		\r\n		\r\n		\r\n		\r\n		\r\n		\r\n		\r\n		','kay'),(4,'Voltage and Charge','2012-11-15 12:07:35','everything is made of adams\r\n\r\nthe atoms are made out of protons nuetrons and electrons\r\n\r\nthe nucleaus is dense\r\n		\r\n		\r\n		\r\n		\r\n		\r\n		\r\n		\r\n		\r\n		\r\n		','kay'),(4,'Voltage and Charge','2012-11-15 12:07:36','everything is made of adams\r\n\r\nthe atoms are made out of protons nuetrons and electrons\r\n\r\nthe nucleaus is dense\r\n		\r\n		\r\n		\r\n		\r\n		\r\n		\r\n		\r\n		\r\n		\r\n		','kay'),(4,'Voltage and Charge','2012-11-15 12:07:36','everything is made of adams\r\n\r\nthe atoms are made out of protons nuetrons and electrons\r\n\r\nthe nucleaus is dense\r\n		\r\n		\r\n		\r\n		\r\n		\r\n		\r\n		\r\n		\r\n		\r\n		\r\n		','kay'),(4,'Voltage and Charge','2012-11-15 12:07:36','everything is made of adams\r\n\r\nthe atoms are made out of protons nuetrons and electrons\r\n\r\nthe nucleaus is dense\r\n		\r\n		\r\n		\r\n		\r\n		\r\n		\r\n		\r\n		\r\n		\r\n		\r\n		','kay'),(4,'Voltage and Charge','2012-11-15 12:07:37','everything is made of adams\r\n\r\nthe atoms are made out of protons nuetrons and electrons\r\n\r\nthe nucleaus is dense\r\n		\r\n		\r\n		\r\n		\r\n		\r\n		\r\n		\r\n		\r\n		\r\n		\r\n		','kay'),(4,'Voltage and Charge','2012-11-15 12:07:38','everything is made of adams\r\n\r\nthe atoms are made out of protons nuetrons and electrons\r\n\r\nthe nucleaus is dense\r\n		\r\n		\r\n		\r\n		\r\n		\r\n		\r\n		\r\n		\r\n		\r\n		\r\n		\r\n		','kay'),(4,'Voltage and Charge','2012-11-15 12:07:39','everything is made of adams\r\n\r\nthe atoms are made out of protons nuetrons and electrons\r\n\r\nthe nucleaus is dense\r\n		\r\n		\r\n		\r\n		\r\n		\r\n		\r\n		\r\n		\r\n		\r\n		\r\n		\r\n		\r\n		','kay'),(4,'static','2012-11-15 12:07:40','Even though we need to learn a lot more we still have some knowledge, like lighting,  what causes lighting is when the top of the cloud becomes positive and the bottom becomes negative, when electricity in the lighting gets discharged it shoots down to us in a lighting form. Then the cloud becomes equal once more. We also know that current can flow not just through Electrons but particles called Ions they are charged Atoms. Lastly, If static \r\n\r\n		\r\n		\r\n		\r\n		','nora'),(4,'Electrons','2012-11-15 12:07:41','-How to power something electric.\r\n\r\n-Electrons have a negative charge.\r\n\r\n-It\'s always electrons that transfer onto your body when you rub your foot on the carpet.\r\n\r\n-Atoms and electrons can\'t be destroyed or create.','evelyn'),(4,'batteries','2012-11-15 12:07:49','batteries work by reactions of some kind and then it comes out      \r\n\r\n lemon batteries run out power of electrons eventuantly       \r\n\r\n','NOAH'),(4,'light','2012-11-15 12:08:35',' \r\n * light can be found in anything from a spark to the sun\r\n\r\n *  light can relate to anything\r\n\r\n\r\n\r\n\r\n\r\n		\r\n		\r\n		','erica'),(4,'light','2012-11-15 12:08:37',' \r\n * light can be found in anything from a spark to the sun\r\n\r\n *  light can relate to anything\r\n\r\n\r\n\r\n\r\n\r\n		\r\n		\r\n		\r\n		','erica'),(4,'batteries','2012-11-15 12:08:41','Lemon batteries need a certain amount of electrons. LEMON BATTERIES ARE NOT LIKE REAL BATTERIES BECAUSE LEMON BATTERIES RUN OUT OF ELECTRONS.','NOAH'),(4,'batteries','2012-11-15 12:08:43','Lemon batteries need a certain amount of electrons. LEMON BATTERIES ARE NOT LIKE REAL BATTERIES BECAUSE LEMON BATTERIES RUN OUT OF ELECTRONS.\r\n		','NOAH'),(4,'light','2012-11-15 12:08:48',' \r\n * light can be found in anything from a spark to the sun\r\n\r\n *  light can relate to anything\r\n\r\n\r\n\r\n\r\n\r\n		\r\n		\r\n		\r\n		\r\n		','erica'),(4,'light','2012-11-15 12:08:49',' \r\n * light can be found in anything from a spark to the sun\r\n\r\n *  light can relate to anything\r\n\r\n\r\n\r\n\r\n\r\n		\r\n		\r\n		\r\n		\r\n		\r\n		','erica'),(4,'static','2012-11-15 12:08:58','Even though we need to learn a lot more we still have some knowledge, like lighting,  what causes lighting is when the top of the cloud becomes positive and the bottom becomes negative, when electricity in the lighting gets discharged it shoots down to us in a lighting form. Then the cloud becomes equal once more. We also know that current can flow not just through Electrons but particles called Ions they are charged Atoms. Lastly, If static electricity crakcles or pops it is a sign of discharging or flowing away!\r\n\r\n		\r\n		\r\n		\r\n		\r\n		','nora'),(4,'static','2012-11-15 12:09:21','Even though we need to learn a lot more we still have some knowledge, like lighting,  what causes lighting is when the top of the cloud becomes positive and the bottom becomes negative, when electricity in the lighting gets discharged it shoots down to us in a lighting form. Then the cloud becomes equal once more. We also know that current can flow not just through Electrons but particles called Ions they are charged Atoms. Lastly, If static electricity crackles or pops it is a sign of discharging or flowing away!\r\n\r\n		\r\n		\r\n		\r\n		\r\n		\r\n		','nora'),(4,'Voltage and Charge','2012-11-15 12:09:23','everything is made of adams\r\n\r\nthe atoms are made out of protons nuetrons and electrons\r\n\r\nthe nucleaus is dense\r\n		\r\n		\r\n		\r\n		\r\n		\r\n		\r\n		\r\n		\r\n		\r\n		\r\n		\r\n		\r\n		\r\n		','kay'),(4,'Voltage and Charge','2012-11-15 12:09:24','everything is made of adams\r\n\r\nthe atoms are made out of protons nuetrons and electrons\r\n\r\nthe nucleaus is dense\r\n		\r\n		\r\n		\r\n		\r\n		\r\n		\r\n		\r\n		\r\n		\r\n		\r\n		\r\n		\r\n		\r\n		\r\n		','kay'),(4,'Voltage and Charge','2012-11-15 12:09:28','everything is made of adams\r\n\r\nthe atoms are made out of protons nuetrons and electrons\r\n\r\nthe nucleaus is dense\r\n		\r\n		\r\n		\r\n		\r\n		\r\n		\r\n		\r\n		\r\n		\r\n		\r\n		\r\n		\r\n		\r\n		\r\n		\r\n		','kay'),(4,'Voltage and Charge','2012-11-15 12:09:29','everything is made of adams\r\n\r\nthe atoms are made out of protons nuetrons and electrons\r\n\r\nthe nucleaus is dense\r\n		\r\n		\r\n		\r\n		\r\n		\r\n		\r\n		\r\n		\r\n		\r\n		\r\n		\r\n		\r\n		\r\n		\r\n		\r\n		\r\n		','kay'),(4,'Voltage and Charge','2012-11-15 12:09:30','everything is made of adams\r\n\r\nthe atoms are made out of protons nuetrons and electrons\r\n\r\nthe nucleaus is dense\r\n		\r\n		\r\n		\r\n		\r\n		\r\n		\r\n		\r\n		\r\n		\r\n		\r\n		\r\n		\r\n		\r\n		\r\n		\r\n		\r\n		\r\n		','kay'),(4,'Voltage and Charge','2012-11-15 12:09:30','everything is made of adams\r\n\r\nthe atoms are made out of protons nuetrons and electrons\r\n\r\nthe nucleaus is dense\r\n		\r\n		\r\n		\r\n		\r\n		\r\n		\r\n		\r\n		\r\n		\r\n		\r\n		\r\n		\r\n		\r\n		\r\n		\r\n		\r\n		\r\n		\r\n		','kay'),(4,'Voltage and Charge','2012-11-15 12:09:30','everything is made of adams\r\n\r\nthe atoms are made out of protons nuetrons and electrons\r\n\r\nthe nucleaus is dense\r\n		\r\n		\r\n		\r\n		\r\n		\r\n		\r\n		\r\n		\r\n		\r\n		\r\n		\r\n		\r\n		\r\n		\r\n		\r\n		\r\n		\r\n		\r\n		','kay'),(4,'Voltage and Charge','2012-11-15 12:09:31','everything is made of adams\r\n\r\nthe atoms are made out of protons nuetrons and electrons\r\n\r\nthe nucleaus is dense\r\n		\r\n		\r\n		\r\n		\r\n		\r\n		\r\n		\r\n		\r\n		\r\n		\r\n		\r\n		\r\n		\r\n		\r\n		\r\n		\r\n		\r\n		\r\n		','kay'),(4,'Voltage and Charge','2012-11-15 12:09:31','everything is made of adams\r\n\r\nthe atoms are made out of protons nuetrons and electrons\r\n\r\nthe nucleaus is dense\r\n		\r\n		\r\n		\r\n		\r\n		\r\n		\r\n		\r\n		\r\n		\r\n		\r\n		\r\n		\r\n		\r\n		\r\n		\r\n		\r\n		\r\n		\r\n		\r\n		','kay'),(4,'Voltage and Charge','2012-11-15 12:09:31','everything is made of adams\r\n\r\nthe atoms are made out of protons nuetrons and electrons\r\n\r\nthe nucleaus is dense\r\n		\r\n		\r\n		\r\n		\r\n		\r\n		\r\n		\r\n		\r\n		\r\n		\r\n		\r\n		\r\n		\r\n		\r\n		\r\n		\r\n		\r\n		\r\n		\r\n		','kay'),(4,'Voltage and Charge','2012-11-15 12:09:31','everything is made of adams\r\n\r\nthe atoms are made out of protons nuetrons and electrons\r\n\r\nthe nucleaus is dense\r\n		\r\n		\r\n		\r\n		\r\n		\r\n		\r\n		\r\n		\r\n		\r\n		\r\n		\r\n		\r\n		\r\n		\r\n		\r\n		\r\n		\r\n		\r\n		\r\n		','kay'),(4,'Voltage and Charge','2012-11-15 12:09:31','everything is made of adams\r\n\r\nthe atoms are made out of protons nuetrons and electrons\r\n\r\nthe nucleaus is dense\r\n		\r\n		\r\n		\r\n		\r\n		\r\n		\r\n		\r\n		\r\n		\r\n		\r\n		\r\n		\r\n		\r\n		\r\n		\r\n		\r\n		\r\n		\r\n		\r\n		','kay'),(4,'Voltage and Charge','2012-11-15 12:09:32','everything is made of adams\r\n\r\nthe atoms are made out of protons nuetrons and electrons\r\n\r\nthe nucleaus is dense\r\n		\r\n		\r\n		\r\n		\r\n		\r\n		\r\n		\r\n		\r\n		\r\n		\r\n		\r\n		\r\n		\r\n		\r\n		\r\n		\r\n		\r\n		\r\n		\r\n		','kay'),(4,'light','2012-11-15 12:09:32',' \r\n * light can be found in anything from a spark to the sun\r\n\r\n *  light can relate to anything\r\n\r\n\r\n\r\n\r\n\r\n		\r\n		\r\n		\r\n		\r\n		\r\n		\r\n		','erica'),(4,'Voltage and Charge','2012-11-15 12:09:32','everything is made of adams\r\n\r\nthe atoms are made out of protons nuetrons and electrons\r\n\r\nthe nucleaus is dense\r\n		\r\n		\r\n		\r\n		\r\n		\r\n		\r\n		\r\n		\r\n		\r\n		\r\n		\r\n		\r\n		\r\n		\r\n		\r\n		\r\n		\r\n		\r\n		\r\n		\r\n		','kay'),(4,'Voltage and Charge','2012-11-15 12:09:32','everything is made of adams\r\n\r\nthe atoms are made out of protons nuetrons and electrons\r\n\r\nthe nucleaus is dense\r\n		\r\n		\r\n		\r\n		\r\n		\r\n		\r\n		\r\n		\r\n		\r\n		\r\n		\r\n		\r\n		\r\n		\r\n		\r\n		\r\n		\r\n		\r\n		\r\n		\r\n		','kay'),(4,'light','2012-11-15 12:09:33',' \r\n * light can be found in anything from a spark to the sun\r\n\r\n *  light can relate to anything\r\n\r\n\r\n\r\n\r\n\r\n		\r\n		\r\n		\r\n		\r\n		\r\n		\r\n		\r\n		','erica'),(4,'light','2012-11-15 12:09:33',' \r\n * light can be found in anything from a spark to the sun\r\n\r\n *  light can relate to anything\r\n\r\n\r\n\r\n\r\n\r\n		\r\n		\r\n		\r\n		\r\n		\r\n		\r\n		\r\n		\r\n		','erica'),(4,'light','2012-11-15 12:09:35',' \r\n * light can be found in anything from a spark to the sun\r\n\r\n *  light can relate to anything\r\n\r\n\r\n\r\n\r\n\r\n		\r\n		\r\n		\r\n		\r\n		\r\n		\r\n		\r\n		\r\n		','erica'),(4,'Voltage and Charge','2012-11-15 12:09:56','everything is made of adams\r\n\r\nthe atoms are made out of protons nuetrons and electrons\r\n\r\nthe nucleaus is dense\r\n		\r\n		\r\n		\r\n		\r\n		\r\n		\r\n		\r\n		\r\n		\r\n		\r\n		\r\n		\r\n		\r\n		\r\n		\r\n		\r\n		\r\n		\r\n		\r\n		\r\n		','kay'),(4,'light','2012-11-15 12:10:35',' \r\n * light can be found in anything from a spark to the sun\r\n\r\n *  light can relate to anything\r\n\r\n\r\n\r\n\r\n\r\n		\r\n		\r\n		\r\n		\r\n		\r\n		\r\n		\r\n		\r\n		\r\n		','erica'),(4,'light','2012-11-15 12:10:36',' \r\n * light can be found in anything from a spark to the sun\r\n\r\n *  light can relate to anything\r\n\r\n\r\n\r\n\r\n\r\n		\r\n		\r\n		\r\n		\r\n		\r\n		\r\n		\r\n		\r\n		\r\n		\r\n		','erica'),(4,'light','2012-11-15 12:10:36',' \r\n * light can be found in anything from a spark to the sun\r\n\r\n *  light can relate to anything\r\n\r\n\r\n\r\n\r\n\r\n		\r\n		\r\n		\r\n		\r\n		\r\n		\r\n		\r\n		\r\n		\r\n		\r\n		\r\n		','erica'),(4,'light','2012-11-15 12:10:37',' \r\n * light can be found in anything from a spark to the sun\r\n\r\n *  light can relate to anything\r\n\r\n\r\n\r\n\r\n\r\n		\r\n		\r\n		\r\n		\r\n		\r\n		\r\n		\r\n		\r\n		\r\n		\r\n		\r\n		','erica'),(4,'light','2012-11-15 12:11:13',' \r\n * light can be found in anything from a spark to the sun\r\n\r\n *  light can relate to anything\r\n\r\n\r\n\r\n\r\n\r\n		\r\n		\r\n		\r\n		\r\n		\r\n		\r\n		\r\n		\r\n		\r\n		\r\n		\r\n		\r\n		','erica'),(4,'light','2012-11-15 12:11:14',' \r\n * light can be found in anything from a spark to the sun\r\n\r\n *  light can relate to anything\r\n\r\n\r\n\r\n\r\n\r\n		\r\n		\r\n		\r\n		\r\n		\r\n		\r\n		\r\n		\r\n		\r\n		\r\n		\r\n		\r\n		\r\n		','erica'),(4,'light','2012-11-15 12:11:14',' \r\n * light can be found in anything from a spark to the sun\r\n\r\n *  light can relate to anything\r\n\r\n\r\n\r\n\r\n\r\n		\r\n		\r\n		\r\n		\r\n		\r\n		\r\n		\r\n		\r\n		\r\n		\r\n		\r\n		\r\n		\r\n		\r\n		','erica'),(4,'static','2012-11-15 12:11:23','Even though we need to learn a lot more we still have some knowledge, like lighting,  what causes lighting is when the top of the cloud becomes positive and the bottom becomes negative, when electricity in the lighting gets discharged it shoots down to us in a lighting form. Then the cloud becomes equal once more. We also know that current can flow not just through Electrons but particles called Ions they are charged Atoms. Lastly, If static electricity crackles or pops it is a sign of discharging or flowing away!\r\n\r\n		\r\n		\r\n		\r\n		\r\n		\r\n		\r\n		','nora'),(4,'static','2012-11-15 12:12:13','Even though we need to learn a lot more we still have some knowledge, like lighting,  what causes lighting is when the top of the cloud becomes positive and the bottom becomes negative, when electricity in the lighting gets discharged it shoots down to us in a lighting form. Then the cloud becomes equal once more. We also know that current can flow not just through Electrons but particles called Ions they are charged Atoms. Lastly, If static electricity crackles or pops it is a sign of discharging or flowing away!\r\n\r\n		\r\n		\r\n		\r\n		\r\n		\r\n		\r\n		\r\n		','nora'),(4,'static','2012-11-15 12:12:18','Even though we need to learn a lot more we still have some knowledge, like lighting,  what causes lighting is when the top of the cloud becomes positive and the bottom becomes negative, when electricity in the lighting gets discharged it shoots down to us in a lighting form. Then the cloud becomes equal once more. We also know that current can flow not just through Electrons but particles called Ions they are charged Atoms. Lastly, If static electricity crackles or pops it is a sign of discharging or flowing away!\r\n\r\n		\r\n		\r\n		\r\n		\r\n		\r\n		\r\n		\r\n		\r\n		','nora'),(4,'static','2012-11-15 12:12:19','Even though we need to learn a lot more we still have some knowledge, like lighting,  what causes lighting is when the top of the cloud becomes positive and the bottom becomes negative, when electricity in the lighting gets discharged it shoots down to us in a lighting form. Then the cloud becomes equal once more. We also know that current can flow not just through Electrons but particles called Ions they are charged Atoms. Lastly, If static electricity crackles or pops it is a sign of discharging or flowing away!\r\n\r\n		\r\n		\r\n		\r\n		\r\n		\r\n		\r\n		\r\n		\r\n		\r\n		','nora'),(4,'static','2012-11-15 12:12:19','Even though we need to learn a lot more we still have some knowledge, like lighting,  what causes lighting is when the top of the cloud becomes positive and the bottom becomes negative, when electricity in the lighting gets discharged it shoots down to us in a lighting form. Then the cloud becomes equal once more. We also know that current can flow not just through Electrons but particles called Ions they are charged Atoms. Lastly, If static electricity crackles or pops it is a sign of discharging or flowing away!\r\n\r\n		\r\n		\r\n		\r\n		\r\n		\r\n		\r\n		\r\n		\r\n		\r\n		\r\n		','nora'),(4,'static','2012-11-15 12:12:19','Even though we need to learn a lot more we still have some knowledge, like lighting,  what causes lighting is when the top of the cloud becomes positive and the bottom becomes negative, when electricity in the lighting gets discharged it shoots down to us in a lighting form. Then the cloud becomes equal once more. We also know that current can flow not just through Electrons but particles called Ions they are charged Atoms. Lastly, If static electricity crackles or pops it is a sign of discharging or flowing away!\r\n\r\n		\r\n		\r\n		\r\n		\r\n		\r\n		\r\n		\r\n		\r\n		\r\n		\r\n		','nora'),(4,'static','2012-11-15 12:12:30','Even though we need to learn a lot more we still have some knowledge, like lighting,  what causes lighting is when the top of the cloud becomes positive and the bottom becomes negative, when electricity in the lighting gets discharged it shoots down to us in a lighting form. Then the cloud becomes equal once more. We also know that current can flow not just through Electrons but particles called Ions they are charged Atoms. Lastly, If static electricity crackles or pops it is a sign of discharging or flowing away!\r\n\r\n		\r\n		\r\n		\r\n		\r\n		\r\n		\r\n		\r\n		\r\n		\r\n		\r\n		','nora'),(4,'static','2012-11-15 12:12:31','Even though we need to learn a lot more we still have some knowledge, like lighting,  what causes lighting is when the top of the cloud becomes positive and the bottom becomes negative, when electricity in the lighting gets discharged it shoots down to us in a lighting form. Then the cloud becomes equal once more. We also know that current can flow not just through Electrons but particles called Ions they are charged Atoms. Lastly, If static electricity crackles or pops it is a sign of discharging or flowing away!\r\n\r\n		\r\n		\r\n		\r\n		\r\n		\r\n		\r\n		\r\n		\r\n		\r\n		\r\n		\r\n		','nora'),(4,'static','2012-11-15 12:12:33','Even though we need to learn a lot more we still have some knowledge, like lighting,  what causes lighting is when the top of the cloud becomes positive and the bottom becomes negative, when electricity in the lighting gets discharged it shoots down to us in a lighting form. Then the cloud becomes equal once more. We also know that current can flow not just through Electrons but particles called Ions they are charged Atoms. Lastly, If static electricity crackles or pops it is a sign of discharging or flowing away!\r\n\r\n		\r\n		\r\n		\r\n		\r\n		\r\n		\r\n		\r\n		\r\n		\r\n		\r\n		\r\n		\r\n		','nora'),(4,'static','2012-11-15 12:12:33','Even though we need to learn a lot more we still have some knowledge, like lighting,  what causes lighting is when the top of the cloud becomes positive and the bottom becomes negative, when electricity in the lighting gets discharged it shoots down to us in a lighting form. Then the cloud becomes equal once more. We also know that current can flow not just through Electrons but particles called Ions they are charged Atoms. Lastly, If static electricity crackles or pops it is a sign of discharging or flowing away!\r\n\r\n		\r\n		\r\n		\r\n		\r\n		\r\n		\r\n		\r\n		\r\n		\r\n		\r\n		\r\n		\r\n		\r\n		','nora'),(4,'static','2012-11-15 12:12:34','Even though we need to learn a lot more we still have some knowledge, like lighting,  what causes lighting is when the top of the cloud becomes positive and the bottom becomes negative, when electricity in the lighting gets discharged it shoots down to us in a lighting form. Then the cloud becomes equal once more. We also know that current can flow not just through Electrons but particles called Ions they are charged Atoms. Lastly, If static electricity crackles or pops it is a sign of discharging or flowing away!\r\n\r\n		\r\n		\r\n		\r\n		\r\n		\r\n		\r\n		\r\n		\r\n		\r\n		\r\n		\r\n		\r\n		\r\n		','nora'),(4,'static','2012-11-15 12:12:34','Even though we need to learn a lot more we still have some knowledge, like lighting,  what causes lighting is when the top of the cloud becomes positive and the bottom becomes negative, when electricity in the lighting gets discharged it shoots down to us in a lighting form. Then the cloud becomes equal once more. We also know that current can flow not just through Electrons but particles called Ions they are charged Atoms. Lastly, If static electricity crackles or pops it is a sign of discharging or flowing away!\r\n\r\n		\r\n		\r\n		\r\n		\r\n		\r\n		\r\n		\r\n		\r\n		\r\n		\r\n		\r\n		\r\n		\r\n		\r\n		','nora'),(4,'static','2012-11-15 12:12:59','Even though we need to learn a lot more we still have some knowledge, like lighting,  what causes lighting is when the top of the cloud becomes positive and the bottom becomes negative, when electricity in the lighting gets discharged it shoots down to us in a lighting form. Then the cloud becomes equal once more. We also know that current can flow not just through Electrons but particles called Ions they are charged Atoms. Lastly, If static electricity crackles or pops it is a sign of discharging or flowing away!\r\n\r\n		\r\n		\r\n		\r\n		\r\n		\r\n		\r\n		\r\n		\r\n		\r\n		\r\n		\r\n		\r\n		\r\n		\r\n		','nora'),(4,'static','2012-11-15 12:13:06','Even though we need to learn a lot more we still have some knowledge, like lighting,  what causes lighting is when the top of the cloud becomes positive and the bottom becomes negative, when electricity in the lighting gets discharged it shoots down to us in a lighting form. Then the cloud becomes equal once more. We also know that current can flow not just through Electrons but particles called Ions they are charged Atoms. Lastly, If static electricity crackles or pops it is a sign of discharging or flowing away!\r\n\r\n		\r\n		\r\n		\r\n		\r\n		\r\n		\r\n		\r\n		\r\n		\r\n		\r\n		\r\n		\r\n		\r\n		\r\n		\r\n		','nora'),(4,'static','2012-11-15 12:13:06','Even though we need to learn a lot more we still have some knowledge, like lighting,  what causes lighting is when the top of the cloud becomes positive and the bottom becomes negative, when electricity in the lighting gets discharged it shoots down to us in a lighting form. Then the cloud becomes equal once more. We also know that current can flow not just through Electrons but particles called Ions they are charged Atoms. Lastly, If static electricity crackles or pops it is a sign of discharging or flowing away!\r\n\r\n		\r\n		\r\n		\r\n		\r\n		\r\n		\r\n		\r\n		\r\n		\r\n		\r\n		\r\n		\r\n		\r\n		\r\n		\r\n		\r\n		','nora'),(4,'static','2012-11-15 12:13:06','Even though we need to learn a lot more we still have some knowledge, like lighting,  what causes lighting is when the top of the cloud becomes positive and the bottom becomes negative, when electricity in the lighting gets discharged it shoots down to us in a lighting form. Then the cloud becomes equal once more. We also know that current can flow not just through Electrons but particles called Ions they are charged Atoms. Lastly, If static electricity crackles or pops it is a sign of discharging or flowing away!\r\n\r\n		\r\n		\r\n		\r\n		\r\n		\r\n		\r\n		\r\n		\r\n		\r\n		\r\n		\r\n		\r\n		\r\n		\r\n		\r\n		\r\n		','nora'),(4,'static','2012-11-15 12:13:06','Even though we need to learn a lot more we still have some knowledge, like lighting,  what causes lighting is when the top of the cloud becomes positive and the bottom becomes negative, when electricity in the lighting gets discharged it shoots down to us in a lighting form. Then the cloud becomes equal once more. We also know that current can flow not just through Electrons but particles called Ions they are charged Atoms. Lastly, If static electricity crackles or pops it is a sign of discharging or flowing away!\r\n\r\n		\r\n		\r\n		\r\n		\r\n		\r\n		\r\n		\r\n		\r\n		\r\n		\r\n		\r\n		\r\n		\r\n		\r\n		\r\n		\r\n		','nora'),(4,'static','2012-11-15 12:13:06','Even though we need to learn a lot more we still have some knowledge, like lighting,  what causes lighting is when the top of the cloud becomes positive and the bottom becomes negative, when electricity in the lighting gets discharged it shoots down to us in a lighting form. Then the cloud becomes equal once more. We also know that current can flow not just through Electrons but particles called Ions they are charged Atoms. Lastly, If static electricity crackles or pops it is a sign of discharging or flowing away!\r\n\r\n		\r\n		\r\n		\r\n		\r\n		\r\n		\r\n		\r\n		\r\n		\r\n		\r\n		\r\n		\r\n		\r\n		\r\n		\r\n		\r\n		','nora'),(4,'static','2012-11-15 12:13:07','Even though we need to learn a lot more we still have some knowledge, like lighting,  what causes lighting is when the top of the cloud becomes positive and the bottom becomes negative, when electricity in the lighting gets discharged it shoots down to us in a lighting form. Then the cloud becomes equal once more. We also know that current can flow not just through Electrons but particles called Ions they are charged Atoms. Lastly, If static electricity crackles or pops it is a sign of discharging or flowing away!\r\n\r\n		\r\n		\r\n		\r\n		\r\n		\r\n		\r\n		\r\n		\r\n		\r\n		\r\n		\r\n		\r\n		\r\n		\r\n		\r\n		\r\n		','nora'),(4,'static','2012-11-15 12:13:18','Even though we need to learn a lot more we still have some knowledge, like lighting,  what causes lighting is when the top of the cloud becomes positive and the bottom becomes negative, when electricity in the lighting gets discharged it shoots down to us in a lighting form. Then the cloud becomes equal once more. We also know that current can flow not just through Electrons but particles called Ions they are charged Atoms. Lastly, If static electricity crackles or pops it is a sign of discharging or flowing away!\r\n\r\n		\r\n		\r\n		\r\n		\r\n		\r\n		\r\n		\r\n		\r\n		\r\n		\r\n		\r\n		\r\n		\r\n		\r\n		','michaeli'),(4,'static','2012-11-15 12:13:36','Even though we need to learn a lot more we still have some knowledge, like lighting,  what causes lighting is when the top of the cloud becomes positive and the bottom becomes negative, when electricity in the lighting gets discharged it shoots down to us in a lighting form. Then the cloud becomes equal once more. We also know that current can flow not just through Electrons but particles called Ions they are charged Atoms. Lastly, If static electricity crackles or pops it is a sign of discharging or flowing away!\r\n\r\n		\r\n		\r\n		\r\n		\r\n		\r\n		\r\n		\r\n		\r\n		\r\n		\r\n		\r\n		\r\n		\r\n		\r\n		\r\n		\r\n		\r\n		','nora'),(4,'Magnets','2012-11-15 12:15:36','- that magnets produce an invisible magnetic field.\r\n- Magnets have two sides one positive one negative.\r\n	\r\n		\r\n		\r\n		\r\n		\r\n		\r\n		\r\n		\r\n		\r\n		\r\n		\r\n		\r\n		\r\n		','charlotte'),(4,'Magnets','2012-11-15 12:15:46','- that magnets produce an invisible magnetic field.\r\n- Magnets have two sides one positive one negative.\r\n	\r\n		\r\n		\r\n		\r\n		\r\n		\r\n		\r\n		\r\n		\r\n		\r\n		\r\n		\r\n		\r\n		\r\n		','charlotte'),(4,'Energy','2012-11-15 12:15:53','You need energy to move.\r\n\r\nThere are different types of energy.\r\n\r\nElectrons moving creates energy.\r\n\r\n\r\n','jude'),(4,'Energy','2012-11-15 12:15:58','You need energy to move.\r\n\r\nThere are different types of energy.\r\n\r\nElectrons moving creates energy.\r\n\r\n\r\n\r\n		','jude'),(4,'Energy','2012-11-15 12:15:59','You need energy to move.\r\n\r\nThere are different types of energy.\r\n\r\nElectrons moving creates energy.\r\n\r\n\r\n\r\n		\r\n		','jude'),(4,'Energy','2012-11-15 12:16:15','You need energy to move.\r\n\r\nThere are different types of energy.\r\n\r\nElectrons moving creates energy.\r\n\r\n\r\n\r\n		\r\n		\r\n		','jude'),(4,'Energy','2012-11-15 12:21:14','You need energy to move.\r\n\r\nThere are different types of energy.\r\n\r\nElectrons moving creates energy.\r\n\r\n\r\n\r\n		\r\n		\r\n		\r\n		','jude'),(4,'Energy','2012-11-15 12:22:03','You need energy to move.\r\n\r\nThere are different types of energy.\r\n\r\nElectrons moving creates energy.\r\n\r\n\r\n\r\n		\r\n		\r\n		\r\n		\r\n		','jude'),(4,'batteries','2012-11-20 22:26:32','batteries work by reactions of some kind and then it comes out \r\n\r\nLemon batteries need a certain amount of electrons. LEMON BATTERIES ARE NOT LIKE REAL BATTERIES BECAUSE LEMON BATTERIES RUN OUT OF ELECTRONS.\r\n		\r\n		','jianwei'),(5,'soures of power','2012-11-29 14:01:53','- solar power is a form of natural energy from the sun\r\n- tidal power\r\n- wind power\r\netc.\r\n','juliam'),(5,'soures of power','2012-11-29 14:01:56','- solar power is a form of natural energy from the sun\r\n- tidal power\r\n- wind power\r\netc.\r\n\r\n		','juliam'),(5,'batterys','2012-11-29 14:49:46','','joshd'),(5,'batterys','2012-11-29 14:49:57','\r\n		','joshd'),(5,'batterys','2012-11-29 14:52:21','-There are electrons in a battery.\r\n\r\n-A battery gives energy to a circuit\r\n\r\n-A battery makes energy by mixing chemicals\r\n		\r\n		','joshd'),(5,'batterys','2012-11-29 14:53:51','-There are electrons in a battery.\r\n\r\n-A battery gives energy to a circuit\r\n\r\n-A battery makes energy by mixing chemicals\r\n		\r\n		\r\n		','joshd'),(5,'batterys','2012-11-29 14:53:56','-There are electrons in a battery.\r\n\r\n-A battery gives energy to a circuit\r\n\r\n-A battery makes energy by mixing chemicals\r\n		\r\n		\r\n		\r\n		','joshd'),(5,'batterys','2012-11-29 14:55:02','-There are electrons in a battery.\r\n\r\n-A battery gives energy to a circuit\r\n\r\n-A battery makes energy by mixing chemicals\r\n		\r\n		\r\n		\r\n		\r\n		','joshd'),(5,'current','2012-11-29 14:55:58','-current flows through metals and conductors. Metals and conductors have electricity flowing through it whenever possible ','jacob'),(5,'batterys','2012-11-29 14:57:07','-There are electrons in a battery.\r\n\r\n-A battery gives energy to a circuit\r\n\r\n-A battery makes energy by mixing chemicals\r\n		\r\n		\r\n		\r\n		\r\n		\r\n		','joshd'),(5,'batterys','2012-11-29 14:57:46','-There are electrons in a battery.\r\n\r\n-A battery gives energy to a circuit\r\n\r\n-A battery makes energy by mixing chemicals\r\n		\r\n		\r\n		\r\n		\r\n		\r\n		\r\n		','joshd'),(5,'batterys','2012-11-29 14:58:50','-There are electrons in a battery.\r\n\r\n-A battery gives energy to a circuit\r\n\r\n-A battery makes energy by mixing chemicals\r\n		\r\n		\r\n		\r\n		\r\n		\r\n		\r\n		\r\n		','joshd'),(5,'batterys','2012-11-29 14:59:45','-There are electrons in a battery.\r\n\r\n-A battery gives energy to a circuit\r\n\r\n-A battery makes energy by mixing chemicals\r\n		\r\n		\r\n		\r\n		\r\n		\r\n		\r\n		\r\n		\r\n		','joshd'),(5,'batterys','2012-11-29 15:00:01','-There are electrons in a battery.\r\n\r\n-A battery gives energy to a circuit\r\n\r\n-A battery makes energy by mixing chemicals\r\n		\r\n		\r\n		\r\n		\r\n		\r\n		\r\n		\r\n		\r\n		\r\n		','joshd'),(5,'batterys','2012-11-29 15:02:39','-There are electrons in a battery.\r\n\r\n-A battery gives energy to a circuit\r\n\r\n-A battery makes energy by mixing chemicals\r\n		\r\n		\r\n		\r\n		\r\n		\r\n		\r\n		\r\n		\r\n		\r\n		\r\n		','joshd'),(5,'batterys','2012-11-29 15:02:51','-There are electrons in a battery.\r\n\r\n-A battery gives energy to a circuit\r\n\r\n-A battery makes energy by mixing chemicals\r\n		\r\n		\r\n		\r\n		\r\n		\r\n		\r\n		\r\n		\r\n		\r\n		\r\n		\r\n		','joshd'),(5,'current','2012-11-29 15:03:23','- current flows through metals and conductors. Metals and conductors have electricity flowing through it whenever possible.\r\n\r\n- an electric current is made of moving electrons an a wire, and also by IONS in in an electrolyte or both such as in plasma\r\n\r\n- in order for a current to flow it needs a force and it is supplied by voltage, or potential difference\r\n\r\n-the current flows from high potential energy to low potential energy\r\n		','jacob'),(5,'conductors','2012-11-29 15:03:53','Salt water is a better conductor than normal water.\r\n\r\nmetal is a conductor.\r\n\r\nGlass or sand is not a conductor.','julian'),(5,'soures of power','2012-11-29 15:04:48','- solar power is a form of natural energy from the sun\r\n- tidal power\r\n- wind power\r\netc.\r\n\r\n		\r\n		','null'),(5,'current','2012-11-29 15:05:38','- current flows through metals and conductors. Metals and conductors have electricity flowing through it whenever possible.\r\n\r\n- an electric current is made of moving electrons an a wire, and also by IONS in in an electrolyte or both such as in plasma\r\n\r\n- in order for a current to flow it needs a force and it is supplied by voltage, or potential difference\r\n\r\n-the current flows from high potential energy to low potential energy\r\n		\r\n		','jacob'),(5,'current','2012-11-29 15:05:39','- current flows through metals and conductors. Metals and conductors have electricity flowing through it whenever possible.\r\n\r\n- an electric current is made of moving electrons an a wire, and also by IONS in in an electrolyte or both such as in plasma\r\n\r\n- in order for a current to flow it needs a force and it is supplied by voltage, or potential difference\r\n\r\n-the current flows from high potential energy to low potential energy\r\n		\r\n		\r\n		','jacob'),(5,'conductors','2012-11-29 15:06:02','Salt water is a better conductor than normal water.\r\n\r\nmetal is a conductor.\r\n\r\nGlass or sand is not a conductor.\r\n		gtg','julian'),(5,'conductors','2012-11-29 15:07:12','Salt water is a better conductor than normal water.\r\n\r\nmetal is a conductor.\r\n\r\nGlass or sand is not a conductor.\r\n		\r\n		','julian'),(5,'conductors','2012-11-29 15:07:15','Salt water is a better conductor than normal water.\r\n\r\nmetal is a conductor.\r\n\r\nGlass or sand is not a conductor.\r\n		\r\n		\r\n		','julian'),(5,'conductors','2012-11-29 15:07:17','Salt water is a better conductor than normal water.\r\n\r\nmetal is a conductor.\r\n\r\nGlass or sand is not a conductor.\r\n		\r\n		\r\n		\r\n		','julian'),(5,'conductors','2012-11-29 15:07:17','Salt water is a better conductor than normal water.\r\n\r\nmetal is a conductor.\r\n\r\nGlass or sand is not a conductor.\r\n		\r\n		\r\n		\r\n		\r\n		','julian'),(5,'conductors','2012-11-29 15:07:17','Salt water is a better conductor than normal water.\r\n\r\nmetal is a conductor.\r\n\r\nGlass or sand is not a conductor.\r\n		\r\n		\r\n		\r\n		\r\n		','julian'),(5,'static','2012-11-29 15:07:34','static electricity is different from reaguler electricity, static electricity does not flow.','benwp'),(5,'soures of power','2012-11-29 15:09:23','- solar power comes from light.\r\n- sometimes there is no wind and the turbines don\'t turn. Also, if there is too much wind they have to turn off the turbines.\r\n- Dams aren\'t as eco-friendly as other forms of electricity.','hank'),(5,'soures of power','2012-11-29 15:09:27','- solar power comes from light.\r\n- sometimes there is no wind and the turbines don\'t turn. Also, if there is too much wind they have to turn off the turbines.\r\n- Dams aren\'t as eco-friendly as other forms of electricity.\r\n		','hank'),(5,'soures of power','2012-11-29 15:09:28','- solar power comes from light.\r\n- sometimes there is no wind and the turbines don\'t turn. Also, if there is too much wind they have to turn off the turbines.\r\n- Dams aren\'t as eco-friendly as other forms of electricity.\r\n		\r\n		','hank'),(5,'batterys','2012-11-29 15:22:02','-There are electrons in a battery.\r\n\r\n-A battery gives energy to a circuit\r\n\r\n-A battery makes energy by mixing chemicals\r\n\r\n-------\r\n-Batteries are a big part of circuits \r\n-batteries power energy\r\n-batteries have different types of volts\r\n\r\n		\r\n		\r\n		\r\n		\r\n		\r\n		\r\n		\r\n		\r\n		\r\n		\r\n		\r\n		\r\n		','sarahn'),(5,'Atoms','2012-11-29 15:22:35','We have learned all about how dense nuclei are. We have learned about the anatomy of many basic atoms such as hydrogen and oxygen. We also studied atoms for homework. We learned that protons are positive, neutrons are neutral and electrons are negative. The number of protons and electrons have to match to cancel each other out to become neutral like the neutrons.','sarahn'),(5,'current','2012-11-29 15:23:56','- current flows through metals and conductors. Metals and conductors have electricity flowing through it whenever possible.\r\n\r\n- an electric current is made of moving electrons an a wire, and also by IONS in in an electrolyte or both such as in plasma\r\n\r\n- in order for a current to flow it needs a force and it is supplied by voltage, or potential difference\r\n\r\n-the current flows from high potential energy to low potential energy\r\n		\r\n=======\r\n- A circuit needs to be closed to work.\r\n\r\n- We know that the energy goes through the wires and then goes to the conductor where it is then used to generate a mechanism.\r\n\r\n- We know that it does generate the mechanism and we know you need a conductor to conduct the electricity that we use to generate the mechanism.	\r\n		','sarahn'),(5,'soures of power','2012-11-29 15:24:40','- solar power comes from light.\r\n- sometimes there is no wind and the turbines don\'t turn. Also, if there is too much wind they have to turn off the turbines.\r\n- Dams aren\'t as eco-friendly as other forms of electricity.\r\n		\r\n======\r\n\r\n\r\n- Solar power is good because we have a endless supply\r\n\r\n- Machines can generate energy\r\n\r\n- If the water source is blocked you have no power\r\n	\r\n		','sarahn'),(5,'batterys','2012-11-29 15:28:05','-There are electrons in a battery.\r\n\r\n-A battery gives energy to a circuit\r\n\r\n-A battery makes energy by mixing chemicals\r\n		\r\n		\r\n		\r\n		\r\n		\r\n		\r\n		\r\n		\r\n		\r\n		\r\n		\r\n		\r\n		','juliam'),(4,'static','2012-11-15 11:58:58','','nora'),(4,'static','2012-11-15 12:01:08','\r\no','nora'),(4,'static','2012-11-15 12:06:04','Even though we need to learn a lot more we still have some knowledge, like lighting,  what causes lighting is when the top of the cloud becomes positive and the bottom becomes negative, when electricity in the lighting gets discharged it shoots down to us in a lighting form. Then the cloud becomes equal once more. We also know \r\n\r\no\r\no','nora'),(4,'static','2012-11-15 12:07:14','Even though we need to learn a lot more we still have some knowledge, like lighting,  what causes lighting is when the top of the cloud becomes positive and the bottom becomes negative, when electricity in the lighting gets discharged it shoots down to us in a lighting form. Then the cloud becomes equal once more. We also know that current can flow not just through Electrons but particles called Ions they are charged Atoms. \r\n\r\no\r\no\r\no','nora'),(4,'static','2012-11-15 12:07:40','Even though we need to learn a lot more we still have some knowledge, like lighting,  what causes lighting is when the top of the cloud becomes positive and the bottom becomes negative, when electricity in the lighting gets discharged it shoots down to us in a lighting form. Then the cloud becomes equal once more. We also know that current can flow not just through Electrons but particles called Ions they are charged Atoms. Lastly, If static \r\n\r\no\r\no\r\no\r\no','nora'),(4,'static','2012-11-15 12:08:58','Even though we need to learn a lot more we still have some knowledge, like lighting,  what causes lighting is when the top of the cloud becomes positive and the bottom becomes negative, when electricity in the lighting gets discharged it shoots down to us in a lighting form. Then the cloud becomes equal once more. We also know that current can flow not just through Electrons but particles called Ions they are charged Atoms. Lastly, If static electricity crakcles or pops it is a sign of discharging or flowing away!\r\n\r\no\r\no\r\no\r\no\r\no','nora'),(4,'static','2012-11-15 12:09:21','Even though we need to learn a lot more we still have some knowledge, like lighting,  what causes lighting is when the top of the cloud becomes positive and the bottom becomes negative, when electricity in the lighting gets discharged it shoots down to us in a lighting form. Then the cloud becomes equal once more. We also know that current can flow not just through Electrons but particles called Ions they are charged Atoms. Lastly, If static electricity crackles or pops it is a sign of discharging or flowing away!\r\n\r\no\r\no\r\no\r\no\r\no\r\no','nora'),(4,'static','2012-11-15 12:11:23','Even though we need to learn a lot more we still have some knowledge, like lighting,  what causes lighting is when the top of the cloud becomes positive and the bottom becomes negative, when electricity in the lighting gets discharged it shoots down to us in a lighting form. Then the cloud becomes equal once more. We also know that current can flow not just through Electrons but particles called Ions they are charged Atoms. Lastly, If static electricity crackles or pops it is a sign of discharging or flowing away!\r\n\r\no\r\no\r\no\r\no\r\no\r\no\r\no','nora'),(4,'static','2012-11-15 12:12:13','Even though we need to learn a lot more we still have some knowledge, like lighting,  what causes lighting is when the top of the cloud becomes positive and the bottom becomes negative, when electricity in the lighting gets discharged it shoots down to us in a lighting form. Then the cloud becomes equal once more. We also know that current can flow not just through Electrons but particles called Ions they are charged Atoms. Lastly, If static electricity crackles or pops it is a sign of discharging or flowing away!\r\n\r\no\r\no\r\no\r\no\r\no\r\no\r\no\r\no','nora'),(4,'static','2012-11-15 12:12:18','Even though we need to learn a lot more we still have some knowledge, like lighting,  what causes lighting is when the top of the cloud becomes positive and the bottom becomes negative, when electricity in the lighting gets discharged it shoots down to us in a lighting form. Then the cloud becomes equal once more. We also know that current can flow not just through Electrons but particles called Ions they are charged Atoms. Lastly, If static electricity crackles or pops it is a sign of discharging or flowing away!\r\n\r\no\r\no\r\no\r\no\r\no\r\no\r\no\r\no\r\no','nora'),(4,'static','2012-11-15 12:12:19','Even though we need to learn a lot more we still have some knowledge, like lighting,  what causes lighting is when the top of the cloud becomes positive and the bottom becomes negative, when electricity in the lighting gets discharged it shoots down to us in a lighting form. Then the cloud becomes equal once more. We also know that current can flow not just through Electrons but particles called Ions they are charged Atoms. Lastly, If static electricity crackles or pops it is a sign of discharging or flowing away!\r\n\r\no\r\no\r\no\r\no\r\no\r\no\r\no\r\no\r\no\r\no','nora'),(4,'static','2012-11-15 12:12:19','Even though we need to learn a lot more we still have some knowledge, like lighting,  what causes lighting is when the top of the cloud becomes positive and the bottom becomes negative, when electricity in the lighting gets discharged it shoots down to us in a lighting form. Then the cloud becomes equal once more. We also know that current can flow not just through Electrons but particles called Ions they are charged Atoms. Lastly, If static electricity crackles or pops it is a sign of discharging or flowing away!\r\n\r\no\r\no\r\no\r\no\r\no\r\no\r\no\r\no\r\no\r\no\r\no','nora'),(4,'static','2012-11-15 12:12:19','Even though we need to learn a lot more we still have some knowledge, like lighting,  what causes lighting is when the top of the cloud becomes positive and the bottom becomes negative, when electricity in the lighting gets discharged it shoots down to us in a lighting form. Then the cloud becomes equal once more. We also know that current can flow not just through Electrons but particles called Ions they are charged Atoms. Lastly, If static electricity crackles or pops it is a sign of discharging or flowing away!\r\n\r\no\r\no\r\no\r\no\r\no\r\no\r\no\r\no\r\no\r\no\r\no','nora'),(4,'static','2012-11-15 12:12:30','Even though we need to learn a lot more we still have some knowledge, like lighting,  what causes lighting is when the top of the cloud becomes positive and the bottom becomes negative, when electricity in the lighting gets discharged it shoots down to us in a lighting form. Then the cloud becomes equal once more. We also know that current can flow not just through Electrons but particles called Ions they are charged Atoms. Lastly, If static electricity crackles or pops it is a sign of discharging or flowing away!\r\n\r\no\r\no\r\no\r\no\r\no\r\no\r\no\r\no\r\no\r\no\r\no','nora'),(4,'static','2012-11-15 12:12:31','Even though we need to learn a lot more we still have some knowledge, like lighting,  what causes lighting is when the top of the cloud becomes positive and the bottom becomes negative, when electricity in the lighting gets discharged it shoots down to us in a lighting form. Then the cloud becomes equal once more. We also know that current can flow not just through Electrons but particles called Ions they are charged Atoms. Lastly, If static electricity crackles or pops it is a sign of discharging or flowing away!\r\n\r\no\r\no\r\no\r\no\r\no\r\no\r\no\r\no\r\no\r\no\r\no\r\no','nora'),(4,'static','2012-11-15 12:12:33','Even though we need to learn a lot more we still have some knowledge, like lighting,  what causes lighting is when the top of the cloud becomes positive and the bottom becomes negative, when electricity in the lighting gets discharged it shoots down to us in a lighting form. Then the cloud becomes equal once more. We also know that current can flow not just through Electrons but particles called Ions they are charged Atoms. Lastly, If static electricity crackles or pops it is a sign of discharging or flowing away!\r\n\r\no\r\no\r\no\r\no\r\no\r\no\r\no\r\no\r\no\r\no\r\no\r\no\r\no','nora'),(4,'static','2012-11-15 12:12:33','Even though we need to learn a lot more we still have some knowledge, like lighting,  what causes lighting is when the top of the cloud becomes positive and the bottom becomes negative, when electricity in the lighting gets discharged it shoots down to us in a lighting form. Then the cloud becomes equal once more. We also know that current can flow not just through Electrons but particles called Ions they are charged Atoms. Lastly, If static electricity crackles or pops it is a sign of discharging or flowing away!\r\n\r\no\r\no\r\no\r\no\r\no\r\no\r\no\r\no\r\no\r\no\r\no\r\no\r\no\r\no','nora'),(4,'static','2012-11-15 12:12:34','Even though we need to learn a lot more we still have some knowledge, like lighting,  what causes lighting is when the top of the cloud becomes positive and the bottom becomes negative, when electricity in the lighting gets discharged it shoots down to us in a lighting form. Then the cloud becomes equal once more. We also know that current can flow not just through Electrons but particles called Ions they are charged Atoms. Lastly, If static electricity crackles or pops it is a sign of discharging or flowing away!\r\n\r\no\r\no\r\no\r\no\r\no\r\no\r\no\r\no\r\no\r\no\r\no\r\no\r\no\r\no','nora'),(4,'static','2012-11-15 12:12:34','Even though we need to learn a lot more we still have some knowledge, like lighting,  what causes lighting is when the top of the cloud becomes positive and the bottom becomes negative, when electricity in the lighting gets discharged it shoots down to us in a lighting form. Then the cloud becomes equal once more. We also know that current can flow not just through Electrons but particles called Ions they are charged Atoms. Lastly, If static electricity crackles or pops it is a sign of discharging or flowing away!\r\n\r\no\r\no\r\no\r\no\r\no\r\no\r\no\r\no\r\no\r\no\r\no\r\no\r\no\r\no\r\no','nora'),(4,'static','2012-11-15 12:12:59','Even though we need to learn a lot more we still have some knowledge, like lighting,  what causes lighting is when the top of the cloud becomes positive and the bottom becomes negative, when electricity in the lighting gets discharged it shoots down to us in a lighting form. Then the cloud becomes equal once more. We also know that current can flow not just through Electrons but particles called Ions they are charged Atoms. Lastly, If static electricity crackles or pops it is a sign of discharging or flowing away!\r\n\r\no\r\no\r\no\r\no\r\no\r\no\r\no\r\no\r\no\r\no\r\no\r\no\r\no\r\no\r\no','nora'),(4,'static','2012-11-15 12:13:06','Even though we need to learn a lot more we still have some knowledge, like lighting,  what causes lighting is when the top of the cloud becomes positive and the bottom becomes negative, when electricity in the lighting gets discharged it shoots down to us in a lighting form. Then the cloud becomes equal once more. We also know that current can flow not just through Electrons but particles called Ions they are charged Atoms. Lastly, If static electricity crackles or pops it is a sign of discharging or flowing away!\r\n\r\no\r\no\r\no\r\no\r\no\r\no\r\no\r\no\r\no\r\no\r\no\r\no\r\no\r\no\r\no\r\no','nora'),(4,'static','2012-11-15 12:13:06','Even though we need to learn a lot more we still have some knowledge, like lighting,  what causes lighting is when the top of the cloud becomes positive and the bottom becomes negative, when electricity in the lighting gets discharged it shoots down to us in a lighting form. Then the cloud becomes equal once more. We also know that current can flow not just through Electrons but particles called Ions they are charged Atoms. Lastly, If static electricity crackles or pops it is a sign of discharging or flowing away!\r\n\r\no\r\no\r\no\r\no\r\no\r\no\r\no\r\no\r\no\r\no\r\no\r\no\r\no\r\no\r\no\r\no\r\no','nora'),(4,'static','2012-11-15 12:13:06','Even though we need to learn a lot more we still have some knowledge, like lighting,  what causes lighting is when the top of the cloud becomes positive and the bottom becomes negative, when electricity in the lighting gets discharged it shoots down to us in a lighting form. Then the cloud becomes equal once more. We also know that current can flow not just through Electrons but particles called Ions they are charged Atoms. Lastly, If static electricity crackles or pops it is a sign of discharging or flowing away!\r\n\r\no\r\no\r\no\r\no\r\no\r\no\r\no\r\no\r\no\r\no\r\no\r\no\r\no\r\no\r\no\r\no\r\no','nora'),(4,'static','2012-11-15 12:13:06','Even though we need to learn a lot more we still have some knowledge, like lighting,  what causes lighting is when the top of the cloud becomes positive and the bottom becomes negative, when electricity in the lighting gets discharged it shoots down to us in a lighting form. Then the cloud becomes equal once more. We also know that current can flow not just through Electrons but particles called Ions they are charged Atoms. Lastly, If static electricity crackles or pops it is a sign of discharging or flowing away!\r\n\r\no\r\no\r\no\r\no\r\no\r\no\r\no\r\no\r\no\r\no\r\no\r\no\r\no\r\no\r\no\r\no\r\no','nora'),(4,'static','2012-11-15 12:13:06','Even though we need to learn a lot more we still have some knowledge, like lighting,  what causes lighting is when the top of the cloud becomes positive and the bottom becomes negative, when electricity in the lighting gets discharged it shoots down to us in a lighting form. Then the cloud becomes equal once more. We also know that current can flow not just through Electrons but particles called Ions they are charged Atoms. Lastly, If static electricity crackles or pops it is a sign of discharging or flowing away!\r\n\r\no\r\no\r\no\r\no\r\no\r\no\r\no\r\no\r\no\r\no\r\no\r\no\r\no\r\no\r\no\r\no\r\no','nora'),(4,'static','2012-11-15 12:13:07','Even though we need to learn a lot more we still have some knowledge, like lighting,  what causes lighting is when the top of the cloud becomes positive and the bottom becomes negative, when electricity in the lighting gets discharged it shoots down to us in a lighting form. Then the cloud becomes equal once more. We also know that current can flow not just through Electrons but particles called Ions they are charged Atoms. Lastly, If static electricity crackles or pops it is a sign of discharging or flowing away!\r\n\r\no\r\no\r\no\r\no\r\no\r\no\r\no\r\no\r\no\r\no\r\no\r\no\r\no\r\no\r\no\r\no\r\no','nora'),(4,'static','2012-11-15 12:13:18','Even though we need to learn a lot more we still have some knowledge, like lighting,  what causes lighting is when the top of the cloud becomes positive and the bottom becomes negative, when electricity in the lighting gets discharged it shoots down to us in a lighting form. Then the cloud becomes equal once more. We also know that current can flow not just through Electrons but particles called Ions they are charged Atoms. Lastly, If static electricity crackles or pops it is a sign of discharging or flowing away!\r\n\r\no\r\no\r\no\r\no\r\no\r\no\r\no\r\no\r\no\r\no\r\no\r\no\r\no\r\no\r\no','michaeli'),(4,'static','2012-11-15 12:13:36','Even though we need to learn a lot more we still have some knowledge, like lighting,  what causes lighting is when the top of the cloud becomes positive and the bottom becomes negative, when electricity in the lighting gets discharged it shoots down to us in a lighting form. Then the cloud becomes equal once more. We also know that current can flow not just through Electrons but particles called Ions they are charged Atoms. Lastly, If static electricity crackles or pops it is a sign of discharging or flowing away!\r\n\r\no\r\no\r\no\r\no\r\no\r\no\r\no\r\no\r\no\r\no\r\no\r\no\r\no\r\no\r\no\r\no\r\no\r\no','nora');
/*!40000 ALTER TABLE `thread_idea` ENABLE KEYS */;
UNLOCK TABLES;

--
-- Table structure for table `thread_more`
--

DROP TABLE IF EXISTS `thread_more`;
/*!40101 SET @saved_cs_client     = @@character_set_client */;
/*!40101 SET character_set_client = utf8 */;
CREATE TABLE `thread_more` (
  `projectid` int(11) NOT NULL,
  `threadfocus_more` varchar(100) NOT NULL,
  `createtime` datetime NOT NULL,
  `more` text,
  `author_more` varchar(45) default NULL,
  KEY `thread_more_fk` (`projectid`),
  CONSTRAINT `thread_more_fk` FOREIGN KEY (`projectid`) REFERENCES `project` (`idProject`) ON DELETE CASCADE ON UPDATE CASCADE
) ENGINE=InnoDB DEFAULT CHARSET=utf8;
/*!40101 SET character_set_client = @saved_cs_client */;

--
-- Dumping data for table `thread_more`
--

LOCK TABLES `thread_more` WRITE;
/*!40000 ALTER TABLE `thread_more` DISABLE KEYS */;
INSERT INTO `thread_more` VALUES (4,'light','2012-11-15 11:52:26','* thinking deeper onto the concept of light\r\n\r\n* ','erica'),(4,'Magnets','2012-11-15 11:56:14','-i think that we should experement with different types of metal to see which ones are more magnetic \r\n\r\n- we need to understand the connection betwen magnets and electricety by looking on the internet.\r\n\r\n-','palmer'),(4,'Magnets','2012-11-15 11:56:15','-i think that we should experement with different types of metal to see which ones are more magnetic \r\n\r\n- we need to understand the connection betwen magnets and electricety by looking on the internet.\r\n\r\n-	\r\n		','palmer'),(4,'Magnets','2012-11-15 11:56:16','-i think that we should experement with different types of metal to see which ones are more magnetic \r\n\r\n- we need to understand the connection betwen magnets and electricety by looking on the internet.\r\n\r\n-	\r\n			\r\n		','palmer'),(4,'Magnets','2012-11-15 11:56:16','-i think that we should experement with different types of metal to see which ones are more magnetic \r\n\r\n- we need to understand the connection betwen magnets and electricety by looking on the internet.\r\n\r\n-	\r\n			\r\n			\r\n		','palmer'),(4,'Magnets','2012-11-15 11:56:17','-i think that we should experement with different types of metal to see which ones are more magnetic \r\n\r\n- we need to understand the connection betwen magnets and electricety by looking on the internet.\r\n\r\n-	\r\n			\r\n			\r\n		','palmer'),(4,'Magnets','2012-11-15 11:56:17','-i think that we should experement with different types of metal to see which ones are more magnetic \r\n\r\n- we need to understand the connection betwen magnets and electricety by looking on the internet.\r\n\r\n-	\r\n			\r\n			\r\n			\r\n		','palmer'),(4,'Magnets','2012-11-15 11:56:17','-i think that we should experement with different types of metal to see which ones are more magnetic \r\n\r\n- we need to understand the connection betwen magnets and electricety by looking on the internet.\r\n\r\n-	\r\n			\r\n			\r\n			\r\n		','palmer'),(4,'Magnets','2012-11-15 11:56:17','-i think that we should experement with different types of metal to see which ones are more magnetic \r\n\r\n- we need to understand the connection betwen magnets and electricety by looking on the internet.\r\n\r\n-	\r\n			\r\n			\r\n			\r\n		','palmer'),(4,'Magnets','2012-11-15 11:56:18','-i think that we should experement with different types of metal to see which ones are more magnetic \r\n\r\n- we need to understand the connection betwen magnets and electricety by looking on the internet.\r\n\r\n-	\r\n			\r\n			\r\n			\r\n		','palmer'),(4,'Magnets','2012-11-15 11:56:18','-i think that we should experement with different types of metal to see which ones are more magnetic \r\n\r\n- we need to understand the connection betwen magnets and electricety by looking on the internet.\r\n\r\n-	\r\n			\r\n			\r\n			\r\n			\r\n		','palmer'),(4,'Magnets','2012-11-15 11:56:18','-i think that we should experement with different types of metal to see which ones are more magnetic \r\n\r\n- we need to understand the connection betwen magnets and electricety by looking on the internet.\r\n\r\n-	\r\n			\r\n			\r\n			\r\n			\r\n		','palmer'),(4,'Magnets','2012-11-15 11:56:19','-i think that we should experement with different types of metal to see which ones are more magnetic \r\n\r\n- we need to understand the connection betwen magnets and electricety by looking on the internet.\r\n\r\n-	\r\n			\r\n			\r\n			\r\n			\r\n		','palmer'),(4,'Magnets','2012-11-15 11:56:19','-i think that we should experement with different types of metal to see which ones are more magnetic \r\n\r\n- we need to understand the connection betwen magnets and electricety by looking on the internet.\r\n\r\n-	\r\n			\r\n			\r\n			\r\n			\r\n			\r\n		','palmer'),(4,'Magnets','2012-11-15 11:56:19','-i think that we should experement with different types of metal to see which ones are more magnetic \r\n\r\n- we need to understand the connection betwen magnets and electricety by looking on the internet.\r\n\r\n-	\r\n			\r\n			\r\n			\r\n			\r\n			\r\n		','palmer'),(4,'Magnets','2012-11-15 11:56:20','-i think that we should experement with different types of metal to see which ones are more magnetic \r\n\r\n- we need to understand the connection betwen magnets and electricety by looking on the internet.\r\n\r\n-	\r\n			\r\n			\r\n			\r\n			\r\n			\r\n		','palmer'),(4,'Magnets','2012-11-15 11:56:20','-i think that we should experement with different types of metal to see which ones are more magnetic \r\n\r\n- we need to understand the connection betwen magnets and electricety by looking on the internet.\r\n\r\n-	\r\n			\r\n			\r\n			\r\n			\r\n			\r\n			\r\n		','palmer'),(4,'Magnets','2012-11-15 11:56:21','-i think that we should experement with different types of metal to see which ones are more magnetic \r\n\r\n- we need to understand the connection betwen magnets and electricety by looking on the internet.\r\n\r\n-	\r\n			\r\n			\r\n			\r\n			\r\n			\r\n			\r\n		','palmer'),(4,'Magnets','2012-11-15 11:56:21','-i think that we should experement with different types of metal to see which ones are more magnetic \r\n\r\n- we need to understand the connection betwen magnets and electricety by looking on the internet.\r\n\r\n-	\r\n			\r\n			\r\n			\r\n			\r\n			\r\n			\r\n			\r\n		','palmer'),(4,'Magnets','2012-11-15 11:56:21','-i think that we should experement with different types of metal to see which ones are more magnetic \r\n\r\n- we need to understand the connection betwen magnets and electricety by looking on the internet.\r\n\r\n-	\r\n			\r\n			\r\n			\r\n			\r\n			\r\n			\r\n			\r\n		','palmer'),(4,'Magnets','2012-11-15 11:56:22','-i think that we should experement with different types of metal to see which ones are more magnetic \r\n\r\n- we need to understand the connection betwen magnets and electricety by looking on the internet.\r\n\r\n-	\r\n			\r\n			\r\n			\r\n			\r\n			\r\n			\r\n			\r\n		','palmer'),(4,'Magnets','2012-11-15 11:56:22','-i think that we should experement with different types of metal to see which ones are more magnetic \r\n\r\n- we need to understand the connection betwen magnets and electricety by looking on the internet.\r\n\r\n-	\r\n			\r\n			\r\n			\r\n			\r\n			\r\n			\r\n			\r\n			\r\n		','palmer'),(4,'Magnets','2012-11-15 11:56:22','-i think that we should experement with different types of metal to see which ones are more magnetic \r\n\r\n- we need to understand the connection betwen magnets and electricety by looking on the internet.\r\n\r\n-	\r\n			\r\n			\r\n			\r\n			\r\n			\r\n			\r\n			\r\n			\r\n		','palmer'),(4,'light','2012-11-15 11:57:11','\r\n* thinking deeper onto the concept of light\r\n\r\n* 	\r\n		','erica'),(4,'Magnets','2012-11-15 11:58:38','-i think that we should experement with different types of metal to see which ones are more magnetic \r\n\r\n- we need to understand the connection between magnets and electricity by looking on the internet.\r\n\r\n-	\r\n			\r\n			\r\n			\r\n			\r\n			\r\n			\r\n			\r\n			\r\n		','palmer'),(4,'Magnets','2012-11-15 11:58:41','-i think that we should experement with different types of metal to see which ones are more magnetic \r\n\r\n- we need to understand the connection between magnets and electricity by looking on the internet.\r\n\r\n-	\r\n			\r\n			\r\n			\r\n			\r\n			\r\n			\r\n			\r\n			\r\n			\r\n		','palmer'),(4,'Magnets','2012-11-15 11:58:42','-i think that we should experement with different types of metal to see which ones are more magnetic \r\n\r\n- we need to understand the connection between magnets and electricity by looking on the internet.\r\n\r\n-	\r\n			\r\n			\r\n			\r\n			\r\n			\r\n			\r\n			\r\n			\r\n			\r\n			\r\n		','palmer'),(4,'Magnets','2012-11-15 11:58:42','-i think that we should experement with different types of metal to see which ones are more magnetic \r\n\r\n- we need to understand the connection between magnets and electricity by looking on the internet.\r\n\r\n-	\r\n			\r\n			\r\n			\r\n			\r\n			\r\n			\r\n			\r\n			\r\n			\r\n			\r\n			\r\n		','palmer'),(4,'Magnets','2012-11-15 11:58:42','-i think that we should experement with different types of metal to see which ones are more magnetic \r\n\r\n- we need to understand the connection between magnets and electricity by looking on the internet.\r\n\r\n-	\r\n			\r\n			\r\n			\r\n			\r\n			\r\n			\r\n			\r\n			\r\n			\r\n			\r\n			\r\n		','palmer'),(4,'Magnets','2012-11-15 11:58:43','-i think that we should experement with different types of metal to see which ones are more magnetic \r\n\r\n- we need to understand the connection between magnets and electricity by looking on the internet.\r\n\r\n-	\r\n			\r\n			\r\n			\r\n			\r\n			\r\n			\r\n			\r\n			\r\n			\r\n			\r\n			\r\n		','palmer'),(4,'Magnets','2012-11-15 11:58:43','-i think that we should experement with different types of metal to see which ones are more magnetic \r\n\r\n- we need to understand the connection between magnets and electricity by looking on the internet.\r\n\r\n-	\r\n			\r\n			\r\n			\r\n			\r\n			\r\n			\r\n			\r\n			\r\n			\r\n			\r\n			\r\n			\r\n		','palmer'),(4,'Magnets','2012-11-15 11:58:44','-i think that we should experement with different types of metal to see which ones are more magnetic \r\n\r\n- we need to understand the connection between magnets and electricity by looking on the internet.\r\n\r\n-	\r\n			\r\n			\r\n			\r\n			\r\n			\r\n			\r\n			\r\n			\r\n			\r\n			\r\n			\r\n			\r\n		','palmer'),(4,'Magnets','2012-11-15 11:58:44','-i think that we should experement with different types of metal to see which ones are more magnetic \r\n\r\n- we need to understand the connection between magnets and electricity by looking on the internet.\r\n\r\n-	\r\n			\r\n			\r\n			\r\n			\r\n			\r\n			\r\n			\r\n			\r\n			\r\n			\r\n			\r\n			\r\n			\r\n		','palmer'),(4,'Magnets','2012-11-15 11:58:45','-i think that we should experement with different types of metal to see which ones are more magnetic \r\n\r\n- we need to understand the connection between magnets and electricity by looking on the internet.\r\n\r\n-	\r\n			\r\n			\r\n			\r\n			\r\n			\r\n			\r\n			\r\n			\r\n			\r\n			\r\n			\r\n			\r\n			\r\n		','palmer'),(4,'Magnets','2012-11-15 11:58:45','-i think that we should experement with different types of metal to see which ones are more magnetic \r\n\r\n- we need to understand the connection between magnets and electricity by looking on the internet.\r\n\r\n-	\r\n			\r\n			\r\n			\r\n			\r\n			\r\n			\r\n			\r\n			\r\n			\r\n			\r\n			\r\n			\r\n			\r\n			\r\n		','palmer'),(4,'Magnets','2012-11-15 11:58:46','-i think that we should experement with different types of metal to see which ones are more magnetic \r\n\r\n- we need to understand the connection between magnets and electricity by looking on the internet.\r\n\r\n-	\r\n			\r\n			\r\n			\r\n			\r\n			\r\n			\r\n			\r\n			\r\n			\r\n			\r\n			\r\n			\r\n			\r\n			\r\n		','palmer'),(4,'Magnets','2012-11-15 11:58:46','-i think that we should experement with different types of metal to see which ones are more magnetic \r\n\r\n- we need to understand the connection between magnets and electricity by looking on the internet.\r\n\r\n-	\r\n			\r\n			\r\n			\r\n			\r\n			\r\n			\r\n			\r\n			\r\n			\r\n			\r\n			\r\n			\r\n			\r\n			\r\n			\r\n		','palmer'),(4,'Magnets','2012-11-15 11:58:47','-i think that we should experement with different types of metal to see which ones are more magnetic \r\n\r\n- we need to understand the connection between magnets and electricity by looking on the internet.\r\n\r\n-	\r\n			\r\n			\r\n			\r\n			\r\n			\r\n			\r\n			\r\n			\r\n			\r\n			\r\n			\r\n			\r\n			\r\n			\r\n			\r\n		','palmer'),(4,'Magnets','2012-11-15 11:58:47','-i think that we should experement with different types of metal to see which ones are more magnetic \r\n\r\n- we need to understand the connection between magnets and electricity by looking on the internet.\r\n\r\n-	\r\n			\r\n			\r\n			\r\n			\r\n			\r\n			\r\n			\r\n			\r\n			\r\n			\r\n			\r\n			\r\n			\r\n			\r\n			\r\n			\r\n		','palmer'),(4,'static','2012-11-15 11:58:58','','nora'),(4,'static','2012-11-15 12:01:08','	\r\n		','nora'),(4,'light','2012-11-15 12:02:47','\r\n* thinking deeper onto the concept of light\r\n\r\n* we can try to make a rain bow in class 	\r\n			\r\n		','erica'),(4,'light','2012-11-15 12:03:07','\r\n* thinking deeper onto the concept of light\r\n\r\n* we can try to make a rain bow in class 	\r\n			\r\n			\r\n		','erica'),(4,'Voltage and Charge','2012-11-15 12:03:39','i think we should get a scientist come and speak to us about atoms\r\n\r\nwe should dissect another battery but this time we should keep the stuff that\'s inside and try to power other things\r\n\r\nwe should cut open a magnet and see if it still works\r\n\r\n\r\n','kay'),(4,'Voltage and Charge','2012-11-15 12:03:41','i think we should get a scientist come and speak to us about atoms\r\n\r\nwe should dissect another battery but this time we should keep the stuff that\'s inside and try to power other things\r\n\r\nwe should cut open a magnet and see if it still works\r\n\r\n\r\n	\r\n		','kay'),(4,'Voltage and Charge','2012-11-15 12:03:42','i think we should get a scientist come and speak to us about atoms\r\n\r\nwe should dissect another battery but this time we should keep the stuff that\'s inside and try to power other things\r\n\r\nwe should cut open a magnet and see if it still works\r\n\r\n\r\n	\r\n			\r\n		','kay'),(4,'Voltage and Charge','2012-11-15 12:03:44','i think we should get a scientist come and speak to us about atoms\r\n\r\nwe should dissect another battery but this time we should keep the stuff that\'s inside and try to power other things\r\n\r\nwe should cut open a magnet and see if it still works\r\n\r\n\r\n	\r\n			\r\n			\r\n		','kay'),(4,'Voltage and Charge','2012-11-15 12:03:48','i think we should get a scientist come and speak to us about atoms\r\n\r\nwe should dissect another battery but this time we should keep the stuff that\'s inside and try to power other things\r\n\r\nwe should cut open a magnet and see if it still works\r\n\r\n\r\n	\r\n			\r\n			\r\n			\r\n		','kay'),(4,'Voltage and Charge','2012-11-15 12:03:49','i think we should get a scientist come and speak to us about atoms\r\n\r\nwe should dissect another battery but this time we should keep the stuff that\'s inside and try to power other things\r\n\r\nwe should cut open a magnet and see if it still works\r\n\r\n\r\n	\r\n			\r\n			\r\n			\r\n			\r\n		','kay'),(4,'static','2012-11-15 12:06:04','	\r\n			\r\n		','nora'),(4,'Magnets','2012-11-15 12:06:56','-i think that we should experiment with different types of metal to see which ones are more magnetic \r\n\r\n- we need to understand the connection between magnets and electricity by looking on the internet and making one of the flash lights with a magnet in it\r\n\r\n-	\r\n			\r\n			\r\n			\r\n			\r\n			\r\n			\r\n			\r\n			\r\n			\r\n			\r\n			\r\n			\r\n			\r\n			\r\n			\r\n			\r\n		','palmer'),(4,'Magnets','2012-11-15 12:06:56','-i think that we should experiment with different types of metal to see which ones are more magnetic \r\n\r\n- we need to understand the connection between magnets and electricity by looking on the internet and making one of the flash lights with a magnet in it\r\n\r\n-	\r\n			\r\n			\r\n			\r\n			\r\n			\r\n			\r\n			\r\n			\r\n			\r\n			\r\n			\r\n			\r\n			\r\n			\r\n			\r\n			\r\n			\r\n		','palmer'),(4,'Magnets','2012-11-15 12:06:56','-i think that we should experiment with different types of metal to see which ones are more magnetic \r\n\r\n- we need to understand the connection between magnets and electricity by looking on the internet and making one of the flash lights with a magnet in it\r\n\r\n-	\r\n			\r\n			\r\n			\r\n			\r\n			\r\n			\r\n			\r\n			\r\n			\r\n			\r\n			\r\n			\r\n			\r\n			\r\n			\r\n			\r\n			\r\n		','palmer'),(4,'Magnets','2012-11-15 12:06:56','-i think that we should experiment with different types of metal to see which ones are more magnetic \r\n\r\n- we need to understand the connection between magnets and electricity by looking on the internet and making one of the flash lights with a magnet in it\r\n\r\n-	\r\n			\r\n			\r\n			\r\n			\r\n			\r\n			\r\n			\r\n			\r\n			\r\n			\r\n			\r\n			\r\n			\r\n			\r\n			\r\n			\r\n			\r\n		','palmer'),(4,'static','2012-11-15 12:07:14','	\r\n			\r\n			\r\n		','nora'),(4,'Voltage and Charge','2012-11-15 12:07:32','i think we should get a scientist come and speak to us about atoms\r\n\r\nwe should dissect another battery but this time we should keep the stuff that\'s inside and try to power other things\r\n\r\nwe should cut open a magnet and see if it still works\r\n\r\n\r\n	\r\n			\r\n			\r\n			\r\n			\r\n			\r\n		','kay'),(4,'Voltage and Charge','2012-11-15 12:07:33','i think we should get a scientist come and speak to us about atoms\r\n\r\nwe should dissect another battery but this time we should keep the stuff that\'s inside and try to power other things\r\n\r\nwe should cut open a magnet and see if it still works\r\n\r\n\r\n	\r\n			\r\n			\r\n			\r\n			\r\n			\r\n			\r\n		','kay'),(4,'Voltage and Charge','2012-11-15 12:07:34','i think we should get a scientist come and speak to us about atoms\r\n\r\nwe should dissect another battery but this time we should keep the stuff that\'s inside and try to power other things\r\n\r\nwe should cut open a magnet and see if it still works\r\n\r\n\r\n	\r\n			\r\n			\r\n			\r\n			\r\n			\r\n			\r\n			\r\n		','kay'),(4,'Voltage and Charge','2012-11-15 12:07:34','i think we should get a scientist come and speak to us about atoms\r\n\r\nwe should dissect another battery but this time we should keep the stuff that\'s inside and try to power other things\r\n\r\nwe should cut open a magnet and see if it still works\r\n\r\n\r\n	\r\n			\r\n			\r\n			\r\n			\r\n			\r\n			\r\n			\r\n			\r\n		','kay'),(4,'Voltage and Charge','2012-11-15 12:07:34','i think we should get a scientist come and speak to us about atoms\r\n\r\nwe should dissect another battery but this time we should keep the stuff that\'s inside and try to power other things\r\n\r\nwe should cut open a magnet and see if it still works\r\n\r\n\r\n	\r\n			\r\n			\r\n			\r\n			\r\n			\r\n			\r\n			\r\n			\r\n		','kay'),(4,'Voltage and Charge','2012-11-15 12:07:34','i think we should get a scientist come and speak to us about atoms\r\n\r\nwe should dissect another battery but this time we should keep the stuff that\'s inside and try to power other things\r\n\r\nwe should cut open a magnet and see if it still works\r\n\r\n\r\n	\r\n			\r\n			\r\n			\r\n			\r\n			\r\n			\r\n			\r\n			\r\n		','kay'),(4,'Voltage and Charge','2012-11-15 12:07:34','i think we should get a scientist come and speak to us about atoms\r\n\r\nwe should dissect another battery but this time we should keep the stuff that\'s inside and try to power other things\r\n\r\nwe should cut open a magnet and see if it still works\r\n\r\n\r\n	\r\n			\r\n			\r\n			\r\n			\r\n			\r\n			\r\n			\r\n			\r\n		','kay'),(4,'Voltage and Charge','2012-11-15 12:07:35','i think we should get a scientist come and speak to us about atoms\r\n\r\nwe should dissect another battery but this time we should keep the stuff that\'s inside and try to power other things\r\n\r\nwe should cut open a magnet and see if it still works\r\n\r\n\r\n	\r\n			\r\n			\r\n			\r\n			\r\n			\r\n			\r\n			\r\n			\r\n		','kay'),(4,'Voltage and Charge','2012-11-15 12:07:35','i think we should get a scientist come and speak to us about atoms\r\n\r\nwe should dissect another battery but this time we should keep the stuff that\'s inside and try to power other things\r\n\r\nwe should cut open a magnet and see if it still works\r\n\r\n\r\n	\r\n			\r\n			\r\n			\r\n			\r\n			\r\n			\r\n			\r\n			\r\n			\r\n		','kay'),(4,'Voltage and Charge','2012-11-15 12:07:35','i think we should get a scientist come and speak to us about atoms\r\n\r\nwe should dissect another battery but this time we should keep the stuff that\'s inside and try to power other things\r\n\r\nwe should cut open a magnet and see if it still works\r\n\r\n\r\n	\r\n			\r\n			\r\n			\r\n			\r\n			\r\n			\r\n			\r\n			\r\n			\r\n		','kay'),(4,'Voltage and Charge','2012-11-15 12:07:35','i think we should get a scientist come and speak to us about atoms\r\n\r\nwe should dissect another battery but this time we should keep the stuff that\'s inside and try to power other things\r\n\r\nwe should cut open a magnet and see if it still works\r\n\r\n\r\n	\r\n			\r\n			\r\n			\r\n			\r\n			\r\n			\r\n			\r\n			\r\n			\r\n		','kay'),(4,'Voltage and Charge','2012-11-15 12:07:35','i think we should get a scientist come and speak to us about atoms\r\n\r\nwe should dissect another battery but this time we should keep the stuff that\'s inside and try to power other things\r\n\r\nwe should cut open a magnet and see if it still works\r\n\r\n\r\n	\r\n			\r\n			\r\n			\r\n			\r\n			\r\n			\r\n			\r\n			\r\n			\r\n		','kay'),(4,'Voltage and Charge','2012-11-15 12:07:36','i think we should get a scientist come and speak to us about atoms\r\n\r\nwe should dissect another battery but this time we should keep the stuff that\'s inside and try to power other things\r\n\r\nwe should cut open a magnet and see if it still works\r\n\r\n\r\n	\r\n			\r\n			\r\n			\r\n			\r\n			\r\n			\r\n			\r\n			\r\n			\r\n		','kay'),(4,'Voltage and Charge','2012-11-15 12:07:36','i think we should get a scientist come and speak to us about atoms\r\n\r\nwe should dissect another battery but this time we should keep the stuff that\'s inside and try to power other things\r\n\r\nwe should cut open a magnet and see if it still works\r\n\r\n\r\n	\r\n			\r\n			\r\n			\r\n			\r\n			\r\n			\r\n			\r\n			\r\n			\r\n			\r\n		','kay'),(4,'Voltage and Charge','2012-11-15 12:07:36','i think we should get a scientist come and speak to us about atoms\r\n\r\nwe should dissect another battery but this time we should keep the stuff that\'s inside and try to power other things\r\n\r\nwe should cut open a magnet and see if it still works\r\n\r\n\r\n	\r\n			\r\n			\r\n			\r\n			\r\n			\r\n			\r\n			\r\n			\r\n			\r\n			\r\n		','kay'),(4,'Voltage and Charge','2012-11-15 12:07:37','i think we should get a scientist come and speak to us about atoms\r\n\r\nwe should dissect another battery but this time we should keep the stuff that\'s inside and try to power other things\r\n\r\nwe should cut open a magnet and see if it still works\r\n\r\n\r\n	\r\n			\r\n			\r\n			\r\n			\r\n			\r\n			\r\n			\r\n			\r\n			\r\n			\r\n		','kay'),(4,'Voltage and Charge','2012-11-15 12:07:38','i think we should get a scientist come and speak to us about atoms\r\n\r\nwe should dissect another battery but this time we should keep the stuff that\'s inside and try to power other things\r\n\r\nwe should cut open a magnet and see if it still works\r\n\r\n\r\n	\r\n			\r\n			\r\n			\r\n			\r\n			\r\n			\r\n			\r\n			\r\n			\r\n			\r\n			\r\n		','kay'),(4,'Voltage and Charge','2012-11-15 12:07:39','i think we should get a scientist come and speak to us about atoms\r\n\r\nwe should dissect another battery but this time we should keep the stuff that\'s inside and try to power other things\r\n\r\nwe should cut open a magnet and see if it still works\r\n\r\n\r\n	\r\n			\r\n			\r\n			\r\n			\r\n			\r\n			\r\n			\r\n			\r\n			\r\n			\r\n			\r\n			\r\n		','kay'),(4,'static','2012-11-15 12:07:40','	\r\n			\r\n			\r\n			\r\n		','nora'),(4,'Electrons','2012-11-15 12:07:41','-Find out what color they are.\r\n\r\n-Are electrons made of other atom\r\n\r\n-','evelyn'),(4,'batteries','2012-11-15 12:07:49','','NOAH'),(4,'light','2012-11-15 12:08:35','\r\n* thinking deeper onto the concept of light\r\n\r\n* we can try to make a rainbow in class \r\n\r\n* magnifying glass water, the project has to be created under the sun, mirror, but we might need a cloud first, we will need: water ad it has to be really cold. \r\n			\r\n			\r\n			\r\n		','erica'),(4,'light','2012-11-15 12:08:37','\r\n* thinking deeper onto the concept of light\r\n\r\n* we can try to make a rainbow in class \r\n\r\n* magnifying glass water, the project has to be created under the sun, mirror, but we might need a cloud first, we will need: water ad it has to be really cold. \r\n			\r\n			\r\n			\r\n			\r\n		','erica'),(4,'batteries','2012-11-15 12:08:41','','NOAH'),(4,'batteries','2012-11-15 12:08:43','	\r\n		','NOAH'),(4,'light','2012-11-15 12:08:48','\r\n* thinking deeper onto the concept of light\r\n\r\n* we can try to make a rainbow in class \r\n\r\n* magnifying glass water, the project has to be created under the sun, mirror, but we might need a cloud first, we will need: water ad it has to be really cold. \r\n			\r\n			\r\n			\r\n			\r\n			\r\n		','erica'),(4,'light','2012-11-15 12:08:49','\r\n* thinking deeper onto the concept of light\r\n\r\n* we can try to make a rainbow in class \r\n\r\n* magnifying glass water, the project has to be created under the sun, mirror, but we might need a cloud first, we will need: water ad it has to be really cold. \r\n			\r\n			\r\n			\r\n			\r\n			\r\n			\r\n		','erica'),(4,'static','2012-11-15 12:08:58','	\r\n			\r\n			\r\n			\r\n			\r\n		','nora'),(4,'static','2012-11-15 12:09:21','	\r\n			\r\n			\r\n			\r\n			\r\n			\r\n		','nora'),(4,'Voltage and Charge','2012-11-15 12:09:23','i think we should get a scientist come and speak to us about atoms\r\n\r\nwe should dissect another battery but this time we should keep the stuff that\'s inside and try to power other things\r\n\r\nwe should cut open a magnet and see if it still works\r\n\r\n\r\n	\r\n			\r\n			\r\n			\r\n			\r\n			\r\n			\r\n			\r\n			\r\n			\r\n			\r\n			\r\n			\r\n			\r\n		','kay'),(4,'Voltage and Charge','2012-11-15 12:09:24','i think we should get a scientist come and speak to us about atoms\r\n\r\nwe should dissect another battery but this time we should keep the stuff that\'s inside and try to power other things\r\n\r\nwe should cut open a magnet and see if it still works\r\n\r\n\r\n	\r\n			\r\n			\r\n			\r\n			\r\n			\r\n			\r\n			\r\n			\r\n			\r\n			\r\n			\r\n			\r\n			\r\n			\r\n		','kay'),(4,'Voltage and Charge','2012-11-15 12:09:28','i think we should get a scientist come and speak to us about atoms\r\n\r\nwe should dissect another battery but this time we should keep the stuff that\'s inside and try to power other things\r\n\r\nwe should cut open a magnet and see if it still works\r\n\r\n\r\n	\r\n			\r\n			\r\n			\r\n			\r\n			\r\n			\r\n			\r\n			\r\n			\r\n			\r\n			\r\n			\r\n			\r\n			\r\n			\r\n		','kay'),(4,'Voltage and Charge','2012-11-15 12:09:29','i think we should get a scientist come and speak to us about atoms\r\n\r\nwe should dissect another battery but this time we should keep the stuff that\'s inside and try to power other things\r\n\r\nwe should cut open a magnet and see if it still works\r\n\r\n\r\n	\r\n			\r\n			\r\n			\r\n			\r\n			\r\n			\r\n			\r\n			\r\n			\r\n			\r\n			\r\n			\r\n			\r\n			\r\n			\r\n			\r\n		','kay'),(4,'Voltage and Charge','2012-11-15 12:09:30','i think we should get a scientist come and speak to us about atoms\r\n\r\nwe should dissect another battery but this time we should keep the stuff that\'s inside and try to power other things\r\n\r\nwe should cut open a magnet and see if it still works\r\n\r\n\r\n	\r\n			\r\n			\r\n			\r\n			\r\n			\r\n			\r\n			\r\n			\r\n			\r\n			\r\n			\r\n			\r\n			\r\n			\r\n			\r\n			\r\n			\r\n		','kay'),(4,'Voltage and Charge','2012-11-15 12:09:30','i think we should get a scientist come and speak to us about atoms\r\n\r\nwe should dissect another battery but this time we should keep the stuff that\'s inside and try to power other things\r\n\r\nwe should cut open a magnet and see if it still works\r\n\r\n\r\n	\r\n			\r\n			\r\n			\r\n			\r\n			\r\n			\r\n			\r\n			\r\n			\r\n			\r\n			\r\n			\r\n			\r\n			\r\n			\r\n			\r\n			\r\n			\r\n		','kay'),(4,'Voltage and Charge','2012-11-15 12:09:30','i think we should get a scientist come and speak to us about atoms\r\n\r\nwe should dissect another battery but this time we should keep the stuff that\'s inside and try to power other things\r\n\r\nwe should cut open a magnet and see if it still works\r\n\r\n\r\n	\r\n			\r\n			\r\n			\r\n			\r\n			\r\n			\r\n			\r\n			\r\n			\r\n			\r\n			\r\n			\r\n			\r\n			\r\n			\r\n			\r\n			\r\n			\r\n		','kay'),(4,'Voltage and Charge','2012-11-15 12:09:31','i think we should get a scientist come and speak to us about atoms\r\n\r\nwe should dissect another battery but this time we should keep the stuff that\'s inside and try to power other things\r\n\r\nwe should cut open a magnet and see if it still works\r\n\r\n\r\n	\r\n			\r\n			\r\n			\r\n			\r\n			\r\n			\r\n			\r\n			\r\n			\r\n			\r\n			\r\n			\r\n			\r\n			\r\n			\r\n			\r\n			\r\n			\r\n		','kay'),(4,'Voltage and Charge','2012-11-15 12:09:31','i think we should get a scientist come and speak to us about atoms\r\n\r\nwe should dissect another battery but this time we should keep the stuff that\'s inside and try to power other things\r\n\r\nwe should cut open a magnet and see if it still works\r\n\r\n\r\n	\r\n			\r\n			\r\n			\r\n			\r\n			\r\n			\r\n			\r\n			\r\n			\r\n			\r\n			\r\n			\r\n			\r\n			\r\n			\r\n			\r\n			\r\n			\r\n			\r\n		','kay'),(4,'Voltage and Charge','2012-11-15 12:09:31','i think we should get a scientist come and speak to us about atoms\r\n\r\nwe should dissect another battery but this time we should keep the stuff that\'s inside and try to power other things\r\n\r\nwe should cut open a magnet and see if it still works\r\n\r\n\r\n	\r\n			\r\n			\r\n			\r\n			\r\n			\r\n			\r\n			\r\n			\r\n			\r\n			\r\n			\r\n			\r\n			\r\n			\r\n			\r\n			\r\n			\r\n			\r\n			\r\n		','kay'),(4,'Voltage and Charge','2012-11-15 12:09:31','i think we should get a scientist come and speak to us about atoms\r\n\r\nwe should dissect another battery but this time we should keep the stuff that\'s inside and try to power other things\r\n\r\nwe should cut open a magnet and see if it still works\r\n\r\n\r\n	\r\n			\r\n			\r\n			\r\n			\r\n			\r\n			\r\n			\r\n			\r\n			\r\n			\r\n			\r\n			\r\n			\r\n			\r\n			\r\n			\r\n			\r\n			\r\n			\r\n		','kay'),(4,'Voltage and Charge','2012-11-15 12:09:31','i think we should get a scientist come and speak to us about atoms\r\n\r\nwe should dissect another battery but this time we should keep the stuff that\'s inside and try to power other things\r\n\r\nwe should cut open a magnet and see if it still works\r\n\r\n\r\n	\r\n			\r\n			\r\n			\r\n			\r\n			\r\n			\r\n			\r\n			\r\n			\r\n			\r\n			\r\n			\r\n			\r\n			\r\n			\r\n			\r\n			\r\n			\r\n			\r\n		','kay'),(4,'Voltage and Charge','2012-11-15 12:09:32','i think we should get a scientist come and speak to us about atoms\r\n\r\nwe should dissect another battery but this time we should keep the stuff that\'s inside and try to power other things\r\n\r\nwe should cut open a magnet and see if it still works\r\n\r\n\r\n	\r\n			\r\n			\r\n			\r\n			\r\n			\r\n			\r\n			\r\n			\r\n			\r\n			\r\n			\r\n			\r\n			\r\n			\r\n			\r\n			\r\n			\r\n			\r\n			\r\n		','kay'),(4,'light','2012-11-15 12:09:32','\r\n* thinking deeper onto the concept of light\r\n\r\n* we can try to make a rainbow in class \r\n\r\n* magnifying glass water, the project has to be created under the sun, mirror, but we might need a cloud first, we will need: water ad it has to be really cold. \r\n			\r\n			\r\n			\r\n			\r\n			\r\n			\r\n			\r\n		','erica'),(4,'Voltage and Charge','2012-11-15 12:09:32','i think we should get a scientist come and speak to us about atoms\r\n\r\nwe should dissect another battery but this time we should keep the stuff that\'s inside and try to power other things\r\n\r\nwe should cut open a magnet and see if it still works\r\n\r\n\r\n	\r\n			\r\n			\r\n			\r\n			\r\n			\r\n			\r\n			\r\n			\r\n			\r\n			\r\n			\r\n			\r\n			\r\n			\r\n			\r\n			\r\n			\r\n			\r\n			\r\n			\r\n		','kay'),(4,'Voltage and Charge','2012-11-15 12:09:32','i think we should get a scientist come and speak to us about atoms\r\n\r\nwe should dissect another battery but this time we should keep the stuff that\'s inside and try to power other things\r\n\r\nwe should cut open a magnet and see if it still works\r\n\r\n\r\n	\r\n			\r\n			\r\n			\r\n			\r\n			\r\n			\r\n			\r\n			\r\n			\r\n			\r\n			\r\n			\r\n			\r\n			\r\n			\r\n			\r\n			\r\n			\r\n			\r\n			\r\n		','kay'),(4,'light','2012-11-15 12:09:33','\r\n* thinking deeper onto the concept of light\r\n\r\n* we can try to make a rainbow in class \r\n\r\n* magnifying glass water, the project has to be created under the sun, mirror, but we might need a cloud first, we will need: water ad it has to be really cold. \r\n			\r\n			\r\n			\r\n			\r\n			\r\n			\r\n			\r\n			\r\n		','erica'),(4,'light','2012-11-15 12:09:33','\r\n* thinking deeper onto the concept of light\r\n\r\n* we can try to make a rainbow in class \r\n\r\n* magnifying glass water, the project has to be created under the sun, mirror, but we might need a cloud first, we will need: water ad it has to be really cold. \r\n			\r\n			\r\n			\r\n			\r\n			\r\n			\r\n			\r\n			\r\n			\r\n		','erica'),(4,'light','2012-11-15 12:09:35','\r\n* thinking deeper onto the concept of light\r\n\r\n* we can try to make a rainbow in class \r\n\r\n* magnifying glass water, the project has to be created under the sun, mirror, but we might need a cloud first, we will need: water ad it has to be really cold. \r\n			\r\n			\r\n			\r\n			\r\n			\r\n			\r\n			\r\n			\r\n			\r\n		','erica'),(4,'Voltage and Charge','2012-11-15 12:09:56','i think we should get a scientist come and speak to us about atoms\r\n\r\nwe should dissect another battery but this time we should keep the stuff that\'s inside and try to power other things\r\n\r\nwe should cut open a magnet and see if it still works\r\n\r\n\r\n	\r\n			\r\n			\r\n			\r\n			\r\n			\r\n			\r\n			\r\n			\r\n			\r\n			\r\n			\r\n			\r\n			\r\n			\r\n			\r\n			\r\n			\r\n			\r\n			\r\n			\r\n		','kay'),(4,'light','2012-11-15 12:10:35','\r\n* thinking deeper onto the concept of light\r\n\r\n* we can try to make a rainbow in class \r\n\r\n* magnifying glass water, the project has to be created under the sun, mirror, but we might need a cloud first, we will need: water ad it has to be really cold. \r\n			\r\n			\r\n			\r\n			\r\n			\r\n			\r\n			\r\n			\r\n			\r\n			\r\n		','erica'),(4,'light','2012-11-15 12:10:36','\r\n* thinking deeper onto the concept of light\r\n\r\n* we can try to make a rainbow in class \r\n\r\n* magnifying glass water, the project has to be created under the sun, mirror, but we might need a cloud first, we will need: water ad it has to be really cold. \r\n			\r\n			\r\n			\r\n			\r\n			\r\n			\r\n			\r\n			\r\n			\r\n			\r\n			\r\n		','erica'),(4,'light','2012-11-15 12:10:36','\r\n* thinking deeper onto the concept of light\r\n\r\n* we can try to make a rainbow in class \r\n\r\n* magnifying glass water, the project has to be created under the sun, mirror, but we might need a cloud first, we will need: water ad it has to be really cold. \r\n			\r\n			\r\n			\r\n			\r\n			\r\n			\r\n			\r\n			\r\n			\r\n			\r\n			\r\n			\r\n		','erica'),(4,'light','2012-11-15 12:10:37','\r\n* thinking deeper onto the concept of light\r\n\r\n* we can try to make a rainbow in class \r\n\r\n* magnifying glass water, the project has to be created under the sun, mirror, but we might need a cloud first, we will need: water ad it has to be really cold. \r\n			\r\n			\r\n			\r\n			\r\n			\r\n			\r\n			\r\n			\r\n			\r\n			\r\n			\r\n			\r\n		','erica'),(4,'light','2012-11-15 12:11:13','\r\n* thinking deeper onto the concept of light\r\n\r\n* we can try to make a rainbow in class \r\n\r\n* magnifying glass water, the project has to be created under the sun, mirror, but we might need a cloud first, we will need: water ad it has to be really cold. \r\n			\r\n			\r\n			\r\n			\r\n			\r\n			\r\n			\r\n			\r\n			\r\n			\r\n			\r\n			\r\n			\r\n		','erica'),(4,'light','2012-11-15 12:11:14','\r\n* thinking deeper onto the concept of light\r\n\r\n* we can try to make a rainbow in class \r\n\r\n* magnifying glass water, the project has to be created under the sun, mirror, but we might need a cloud first, we will need: water ad it has to be really cold. \r\n			\r\n			\r\n			\r\n			\r\n			\r\n			\r\n			\r\n			\r\n			\r\n			\r\n			\r\n			\r\n			\r\n			\r\n		','erica'),(4,'light','2012-11-15 12:11:14','\r\n* thinking deeper onto the concept of light\r\n\r\n* we can try to make a rainbow in class \r\n\r\n* magnifying glass water, the project has to be created under the sun, mirror, but we might need a cloud first, we will need: water ad it has to be really cold. \r\n			\r\n			\r\n			\r\n			\r\n			\r\n			\r\n			\r\n			\r\n			\r\n			\r\n			\r\n			\r\n			\r\n			\r\n			\r\n		','erica'),(4,'static','2012-11-15 12:11:23','Read more books about electricity. ','nora'),(4,'static','2012-11-15 12:12:13','Read more books about electricity. to be continued........ 	\r\n		','nora'),(4,'static','2012-11-15 12:12:18','Read more books about electricity. to be continued........ 	\r\n			\r\n		','nora'),(4,'static','2012-11-15 12:12:19','Read more books about electricity. to be continued........ 	\r\n			\r\n			\r\n		','nora'),(4,'static','2012-11-15 12:12:19','Read more books about electricity. to be continued........ 	\r\n			\r\n			\r\n			\r\n		','nora'),(4,'static','2012-11-15 12:12:19','Read more books about electricity. to be continued........ 	\r\n			\r\n			\r\n			\r\n		','nora'),(4,'static','2012-11-15 12:12:30','Read more books about electricity. to be continued........ 	\r\n			\r\n			\r\n			\r\n		','nora'),(4,'static','2012-11-15 12:12:31','Read more books about electricity. to be continued........ 	\r\n			\r\n			\r\n			\r\n			\r\n		','nora'),(4,'static','2012-11-15 12:12:33','Read more books about electricity. to be continued........ 	\r\n			\r\n			\r\n			\r\n			\r\n			\r\n		','nora'),(4,'static','2012-11-15 12:12:33','Read more books about electricity. to be continued........ 	\r\n			\r\n			\r\n			\r\n			\r\n			\r\n			\r\n		','nora'),(4,'static','2012-11-15 12:12:34','Read more books about electricity. to be continued........ 	\r\n			\r\n			\r\n			\r\n			\r\n			\r\n			\r\n		','nora'),(4,'static','2012-11-15 12:12:34','Read more books about electricity. to be continued........ 	\r\n			\r\n			\r\n			\r\n			\r\n			\r\n			\r\n			\r\n		','nora'),(4,'static','2012-11-15 12:12:59','Read more books about electricity. to be continued........ 	\r\n			\r\n			\r\n			\r\n			\r\n			\r\n			\r\n			\r\n		','nora'),(4,'static','2012-11-15 12:13:06','Read more books about electricity. to be continued........ 	\r\n			\r\n			\r\n			\r\n			\r\n			\r\n			\r\n			\r\n			\r\n		','nora'),(4,'static','2012-11-15 12:13:06','Read more books about electricity. to be continued........ 	\r\n			\r\n			\r\n			\r\n			\r\n			\r\n			\r\n			\r\n			\r\n			\r\n		','nora'),(4,'static','2012-11-15 12:13:06','Read more books about electricity. to be continued........ 	\r\n			\r\n			\r\n			\r\n			\r\n			\r\n			\r\n			\r\n			\r\n			\r\n		','nora'),(4,'static','2012-11-15 12:13:06','Read more books about electricity. to be continued........ 	\r\n			\r\n			\r\n			\r\n			\r\n			\r\n			\r\n			\r\n			\r\n			\r\n		','nora'),(4,'static','2012-11-15 12:13:06','Read more books about electricity. to be continued........ 	\r\n			\r\n			\r\n			\r\n			\r\n			\r\n			\r\n			\r\n			\r\n			\r\n		','nora'),(4,'static','2012-11-15 12:13:07','Read more books about electricity. to be continued........ 	\r\n			\r\n			\r\n			\r\n			\r\n			\r\n			\r\n			\r\n			\r\n			\r\n		','nora'),(4,'static','2012-11-15 12:13:18','Read more books about electricity. to be continued........ 	\r\n			\r\n			\r\n			\r\n			\r\n			\r\n			\r\n			\r\n		','michaeli'),(4,'static','2012-11-15 12:13:36','Read more books about electricity. to be continued........ 	\r\n			\r\n			\r\n			\r\n			\r\n			\r\n			\r\n			\r\n			\r\n			\r\n			\r\n		','nora'),(4,'Magnets','2012-11-15 12:15:36','-i think that we should experiment with different types of metal to see which ones are more magnetic \r\n\r\n- we need to understand the connection between magnets and electricity by looking on the internet and making one of the flash lights with a magnet in it\r\n\r\n-	\r\n			\r\n			\r\n			\r\n			\r\n			\r\n			\r\n			\r\n			\r\n			\r\n			\r\n			\r\n			\r\n			\r\n			\r\n			\r\n			\r\n			\r\n		','charlotte'),(4,'Magnets','2012-11-15 12:15:46','-i think that we should experiment with different types of metal to see which ones are more magnetic \r\n\r\n- we need to understand the connection between magnets and electricity by looking on the internet and making one of the flash lights with a magnet in it\r\n\r\n-	\r\n			\r\n			\r\n			\r\n			\r\n			\r\n			\r\n			\r\n			\r\n			\r\n			\r\n			\r\n			\r\n			\r\n			\r\n			\r\n			\r\n			\r\n			\r\n		','charlotte'),(4,'Energy','2012-11-15 12:15:53','Do research on internet about connection of atoms and energy\r\n\r\nVolt-meters to measure energy\r\n\r\n','jude'),(4,'Energy','2012-11-15 12:15:58','Do research on internet about connection of atoms and energy\r\n\r\nVolt-meters to measure energy\r\n\r\n	\r\n		','jude'),(4,'Energy','2012-11-15 12:15:59','Do research on internet about connection of atoms and energy\r\n\r\nVolt-meters to measure energy\r\n\r\n	\r\n			\r\n		','jude'),(4,'Energy','2012-11-15 12:16:15','Do research on internet about connection of atoms and energy\r\n\r\nVolt-meters to measure energy\r\n\r\n	\r\n			\r\n			\r\n		','jude'),(4,'Energy','2012-11-15 12:21:14','Do research on internet about connection of atoms and energy\r\n\r\nVolt-meters to measure energy\r\n\r\n	\r\n			\r\n			\r\n			\r\n		','jude'),(4,'Energy','2012-11-15 12:22:03','Do research on internet about connection of atoms and energy\r\n\r\nVolt-meters to measure energy\r\n\r\n	\r\n			\r\n			\r\n			\r\n			\r\n		','jude'),(4,'batteries','2012-11-20 22:26:32','	\r\n			\r\n		','jianwei'),(5,'soures of power','2012-11-29 14:01:53','- we could use model wind turbines to learn more about how wind energy is collected\r\n','juliam'),(5,'soures of power','2012-11-29 14:01:56','- we could use model wind turbines to learn more about how wind energy is collected\r\n	\r\n		','juliam'),(5,'batterys','2012-11-29 14:49:46','','joshd'),(5,'batterys','2012-11-29 14:49:57','	\r\n		','joshd'),(5,'batterys','2012-11-29 14:52:21','	\r\n			\r\n		','joshd'),(5,'batterys','2012-11-29 14:53:51','-Try and find stuff that\'s like a battery\r\n\r\n-Try using a fruit as a battery and attach wires from the fruit to a lightbulb	\r\n			\r\n			\r\n		','joshd'),(5,'batterys','2012-11-29 14:53:56','-Try and find stuff that\'s like a battery\r\n\r\n-Try using a fruit as a battery and attach wires from the fruit to a light bulb	\r\n			\r\n			\r\n			\r\n		','joshd'),(5,'batterys','2012-11-29 14:55:02','-Try and find stuff that\'s like a battery\r\n\r\n-Try using a fruit as a battery and attach wires from the fruit to a light bulb	\r\n			\r\n			\r\n			\r\n			\r\n		','joshd'),(5,'current','2012-11-29 14:55:58','','jacob'),(5,'batterys','2012-11-29 14:57:07','-Try and find stuff that\'s like a battery\r\n\r\n-Try using a fruit as a battery and attach wires from the fruit to a light bulb	\r\n			\r\n-look in books about how a battery works.\r\n\r\n			\r\n			\r\n			\r\n			\r\n		','joshd'),(5,'batterys','2012-11-29 14:57:46','-Try and find stuff that\'s like a battery\r\n\r\n-Try using a fruit as a battery and attach wires from the fruit to a light bulb	\r\n			\r\n-Read more books about how a battery works.\r\n\r\n			\r\n			\r\n			\r\n			\r\n			\r\n		\r\n\r\n','joshd'),(5,'batterys','2012-11-29 14:58:50','-Try and find stuff that\'s like a battery\r\n\r\n-Try using a fruit as a battery and attach wires from the fruit to a light bulb	\r\n			\r\n-Read more books about how a battery works.\r\n\r\n-Good videos are good\r\n			\r\n			\r\n			\r\n			\r\n			\r\n		\r\n\r\n	\r\n		','joshd'),(5,'batterys','2012-11-29 14:59:45','-Try and find stuff that\'s like a battery\r\n\r\n-Try using a fruit as a battery and attach wires from the fruit to a light bulb	\r\n			\r\n-Read more books about how a battery works.\r\n\r\n-Watch videos about batteries \r\n			\r\n			\r\n			\r\n			\r\n			\r\n		\r\n\r\n	\r\n			\r\n		','joshd'),(5,'batterys','2012-11-29 15:00:01','-Try and find stuff that\'s like a battery\r\n\r\n-Try using a fruit as a battery and attach wires from the fruit to a light bulb	\r\n			\r\n-Read more books about how a battery works.\r\n\r\n-Watch videos about a battery \r\n			\r\n			\r\n			\r\n			\r\n			\r\n		\r\n\r\n	\r\n			\r\n			\r\n		','joshd'),(5,'batterys','2012-11-29 15:02:39','-Try and find stuff that\'s like a battery\r\n\r\n-Try using a fruit as a battery and attach wires from the fruit to a light bulb	\r\n			\r\n-Read more books about how a battery works.\r\n\r\n-Watch videos about a battery \r\n			\r\n			\r\n			\r\n			\r\n			\r\n		\r\n\r\n	\r\n			\r\n			\r\n			\r\n		','joshd'),(5,'batterys','2012-11-29 15:02:51','-Try and find stuff that\'s like a battery\r\n\r\n-Try using a fruit as a battery and attach wires from the fruit to a light bulb	\r\n			\r\n-Read more books about how a battery works.\r\n\r\n-Watch videos about a battery \r\n			\r\n			\r\n			\r\n			\r\n			\r\n		\r\n\r\n	\r\n			\r\n			\r\n			\r\n			\r\n		','joshd'),(5,'current','2012-11-29 15:03:23','	\r\n		','jacob'),(5,'conductors','2012-11-29 15:03:53','research.\r\n\r\ntesting\r\n\r\nmessing with stuff\r\n\r\na battery has a wire attached to the battery that leads to a bucket of water and it has another wire that leads to a light bulb it has another wire leading back to the battery.','julian'),(5,'soures of power','2012-11-29 15:04:48','- we could use model wind turbines to learn more about how wind energy is collected\r\n	\r\n			\r\n		','null'),(5,'current','2012-11-29 15:05:38','	\r\n			\r\n		','jacob'),(5,'current','2012-11-29 15:05:39','	\r\n			\r\n			\r\n		','jacob'),(5,'conductors','2012-11-29 15:06:02','research EVERYTHING\r\n\r\ntesting\r\n\r\nmessing with stuff\r\n\r\na battery has a wire attached to the battery that leads to a bucket of water and it has another wire that leads to a light bulb it has another wire leading back to the battery.	\r\n		','julian'),(5,'conductors','2012-11-29 15:07:12','research EVERYTHING\r\n\r\ntesting\r\n\r\nmessing with stuff\r\n\r\na battery has a wire attached to the battery that leads to a bucket of water and it has another wire that leads to a light bulb it has another wire leading back to the battery.	\r\n			\r\n		','julian'),(5,'conductors','2012-11-29 15:07:15','research EVERYTHING\r\n\r\ntesting\r\n\r\nmessing with stuff\r\n\r\na battery has a wire attached to the battery that leads to a bucket of water and it has another wire that leads to a light bulb it has another wire leading back to the battery.	\r\n			\r\n			\r\n		','julian'),(5,'conductors','2012-11-29 15:07:17','research EVERYTHING\r\n\r\ntesting\r\n\r\nmessing with stuff\r\n\r\na battery has a wire attached to the battery that leads to a bucket of water and it has another wire that leads to a light bulb it has another wire leading back to the battery.	\r\n			\r\n			\r\n			\r\n		','julian'),(5,'conductors','2012-11-29 15:07:17','research EVERYTHING\r\n\r\ntesting\r\n\r\nmessing with stuff\r\n\r\na battery has a wire attached to the battery that leads to a bucket of water and it has another wire that leads to a light bulb it has another wire leading back to the battery.	\r\n			\r\n			\r\n			\r\n			\r\n		','julian'),(5,'conductors','2012-11-29 15:07:17','research EVERYTHING\r\n\r\ntesting\r\n\r\nmessing with stuff\r\n\r\na battery has a wire attached to the battery that leads to a bucket of water and it has another wire that leads to a light bulb it has another wire leading back to the battery.	\r\n			\r\n			\r\n			\r\n			\r\n		','julian'),(5,'static','2012-11-29 15:07:34','\r\n\r\n[ We need to further understand ]how much static electricity','benwp'),(5,'soures of power','2012-11-29 15:09:23','- we should experiment with different types of conductors.\r\n- we should experiment with solar cells.','hank'),(5,'soures of power','2012-11-29 15:09:27','- we should experiment with different types of conductors.\r\n- we should experiment with solar cells.	\r\n		','hank'),(5,'soures of power','2012-11-29 15:09:28','- we should experiment with different types of conductors.\r\n- we should experiment with solar cells.	\r\n			\r\n		','hank'),(5,'batterys','2012-11-29 15:22:02','-Try and find stuff that\'s like a battery\r\n\r\n-Try using a fruit as a battery and attach wires from the fruit to a light bulb	\r\n			\r\n-Read more books about how a battery works.\r\n\r\n-Watch videos about a battery \r\n			\r\n			\r\n			\r\n			\r\n			\r\n		\r\n\r\n	\r\n			\r\n			\r\n			\r\n			\r\n			\r\n		','sarahn'),(5,'Atoms','2012-11-29 15:22:35','','sarahn'),(5,'current','2012-11-29 15:23:56','	\r\n			\r\n			\r\n			\r\n		','sarahn'),(5,'soures of power','2012-11-29 15:24:40','- we should experiment with different types of conductors.\r\n- we should experiment with solar cells.	\r\n			\r\n			\r\n=====\r\n\r\n-Hydro power\r\n','sarahn'),(5,'batterys','2012-11-29 15:28:05','-Try and find stuff that\'s like a battery\r\n\r\n-Try using a fruit as a battery and attach wires from the fruit to a light bulb	\r\n			\r\n-Read more books about how a battery works.\r\n\r\n-Watch videos about a battery \r\n			\r\n			\r\n			\r\n			\r\n			\r\n		\r\n\r\n	\r\n			\r\n			\r\n			\r\n			\r\n			\r\n		','juliam'),(4,'static','2012-11-15 11:58:58','','nora'),(4,'static','2012-11-15 12:01:08','\r\no','nora'),(4,'static','2012-11-15 12:06:04','\r\no\r\no','nora'),(4,'static','2012-11-15 12:07:14','\r\no\r\no\r\no','nora'),(4,'static','2012-11-15 12:07:40','\r\no\r\no\r\no\r\no','nora'),(4,'static','2012-11-15 12:08:58','\r\no\r\no\r\no\r\no\r\no','nora'),(4,'static','2012-11-15 12:09:21','\r\no\r\no\r\no\r\no\r\no\r\no','nora'),(4,'static','2012-11-15 12:11:23','Read more books about electricity. ','nora'),(4,'static','2012-11-15 12:12:13','Read more books about electricity. to be continued........ \r\no','nora'),(4,'static','2012-11-15 12:12:18','Read more books about electricity. to be continued........ \r\no\r\no','nora'),(4,'static','2012-11-15 12:12:19','Read more books about electricity. to be continued........ \r\no\r\no\r\no','nora'),(4,'static','2012-11-15 12:12:19','Read more books about electricity. to be continued........ \r\no\r\no\r\no\r\no','nora'),(4,'static','2012-11-15 12:12:19','Read more books about electricity. to be continued........ \r\no\r\no\r\no\r\no','nora'),(4,'static','2012-11-15 12:12:30','Read more books about electricity. to be continued........ \r\no\r\no\r\no\r\no','nora'),(4,'static','2012-11-15 12:12:31','Read more books about electricity. to be continued........ \r\no\r\no\r\no\r\no\r\no','nora'),(4,'static','2012-11-15 12:12:33','Read more books about electricity. to be continued........ \r\no\r\no\r\no\r\no\r\no\r\no','nora'),(4,'static','2012-11-15 12:12:33','Read more books about electricity. to be continued........ \r\no\r\no\r\no\r\no\r\no\r\no\r\no','nora'),(4,'static','2012-11-15 12:12:34','Read more books about electricity. to be continued........ \r\no\r\no\r\no\r\no\r\no\r\no\r\no','nora'),(4,'static','2012-11-15 12:12:34','Read more books about electricity. to be continued........ \r\no\r\no\r\no\r\no\r\no\r\no\r\no\r\no','nora'),(4,'static','2012-11-15 12:12:59','Read more books about electricity. to be continued........ \r\no\r\no\r\no\r\no\r\no\r\no\r\no\r\no','nora'),(4,'static','2012-11-15 12:13:06','Read more books about electricity. to be continued........ \r\no\r\no\r\no\r\no\r\no\r\no\r\no\r\no\r\no','nora'),(4,'static','2012-11-15 12:13:06','Read more books about electricity. to be continued........ \r\no\r\no\r\no\r\no\r\no\r\no\r\no\r\no\r\no\r\no','nora'),(4,'static','2012-11-15 12:13:06','Read more books about electricity. to be continued........ \r\no\r\no\r\no\r\no\r\no\r\no\r\no\r\no\r\no\r\no','nora'),(4,'static','2012-11-15 12:13:06','Read more books about electricity. to be continued........ \r\no\r\no\r\no\r\no\r\no\r\no\r\no\r\no\r\no\r\no','nora'),(4,'static','2012-11-15 12:13:06','Read more books about electricity. to be continued........ \r\no\r\no\r\no\r\no\r\no\r\no\r\no\r\no\r\no\r\no','nora'),(4,'static','2012-11-15 12:13:07','Read more books about electricity. to be continued........ \r\no\r\no\r\no\r\no\r\no\r\no\r\no\r\no\r\no\r\no','nora'),(4,'static','2012-11-15 12:13:18','Read more books about electricity. to be continued........ \r\no\r\no\r\no\r\no\r\no\r\no\r\no\r\no','michaeli'),(4,'static','2012-11-15 12:13:36','Read more books about electricity. to be continued........ \r\no\r\no\r\no\r\no\r\no\r\no\r\no\r\no\r\no\r\no\r\no','nora');
/*!40000 ALTER TABLE `thread_more` ENABLE KEYS */;
UNLOCK TABLES;

--
-- Table structure for table `thread_note`
--

DROP TABLE IF EXISTS `thread_note`;
/*!40101 SET @saved_cs_client     = @@character_set_client */;
/*!40101 SET character_set_client = utf8 */;
CREATE TABLE `thread_note` (
  `projectid` int(11) NOT NULL,
  `threadfocus` varchar(100) NOT NULL,
  `noteid` int(11) NOT NULL,
  `highlight` int(11) NOT NULL default '0',
  `addtime` datetime default NULL,
  KEY `thread_note_fk` (`projectid`),
  KEY `thread_note_fk2` (`noteid`),
  CONSTRAINT `thread_note_fk1` FOREIGN KEY (`projectid`) REFERENCES `project` (`idProject`) ON DELETE CASCADE ON UPDATE CASCADE,
  CONSTRAINT `thread_note_fk2` FOREIGN KEY (`noteid`) REFERENCES `note_table` (`noteid`) ON DELETE CASCADE ON UPDATE CASCADE
) ENGINE=InnoDB DEFAULT CHARSET=utf8;
/*!40101 SET character_set_client = @saved_cs_client */;

--
-- Dumping data for table `thread_note`
--

LOCK TABLES `thread_note` WRITE;
/*!40000 ALTER TABLE `thread_note` DISABLE KEYS */;
INSERT INTO `thread_note` VALUES (5,'soures of power',2753,0,'2012-11-22 14:37:47'),(5,'soures of power',2788,0,'2012-11-22 14:48:56'),(5,'soures of power',2792,0,'2012-11-22 14:37:47'),(5,'soures of power',3280,0,'2012-11-28 22:06:22'),(5,'soures of power',3465,0,'2012-11-28 22:06:05'),(5,'soures of power',3514,0,'2012-11-22 14:48:56'),(5,'soures of power',9686,0,'2012-11-22 14:48:56'),(5,'soures of power',10712,0,'2012-11-22 14:37:47'),(5,'soures of power',10764,0,'2012-11-22 14:37:47'),(5,'soures of power',10786,0,'2012-11-22 14:37:47'),(5,'soures of power',10903,0,'2012-11-22 14:48:56'),(5,'soures of power',11061,0,'2012-11-22 14:44:43'),(5,'soures of power',11307,0,'2012-11-22 14:48:56'),(5,'soures of power',11924,0,'2012-11-22 14:37:47'),(5,'soures of power',12528,0,'2012-11-22 14:37:47'),(5,'soures of power',12697,0,'2012-11-28 22:06:05'),(5,'current',2753,0,'2012-11-28 22:11:17'),(5,'current',11256,0,'2012-11-22 14:36:00'),(5,'current',22974,0,'2012-11-22 14:36:00'),(5,'current',22981,0,'2012-11-28 22:11:17'),(5,'current',23168,0,'2012-11-22 14:50:51'),(5,'current',23197,0,'2012-11-22 14:50:51'),(5,'current',23208,0,'2012-11-28 22:11:17'),(5,'current',23390,0,'2012-11-22 14:36:00'),(5,'current',23405,0,'2012-11-22 14:36:00'),(5,'current',23762,0,'2012-11-22 14:36:00'),(4,'light',984,0,'1970-01-01 00:00:00'),(4,'light',1020,0,'1970-01-01 00:00:00'),(4,'light',1642,0,'1970-01-01 00:00:00'),(4,'light',5487,0,'1970-01-01 00:00:00'),(4,'light',5851,0,'1970-01-01 00:00:00'),(4,'light',19091,0,'2012-11-15 11:55:44'),(4,'light',19405,0,'2012-11-15 11:55:44'),(4,'light',22193,0,'2012-11-15 11:55:44'),(4,'light',22466,0,'2012-11-15 11:55:44'),(4,'light',22576,0,'2012-11-15 11:55:44'),(4,'Magnets',1020,0,'1970-01-01 00:00:00'),(4,'Magnets',4526,0,'1970-01-01 00:00:00'),(4,'Magnets',5139,0,'1970-01-01 00:00:00'),(4,'Magnets',9225,0,'1970-01-01 00:00:00'),(4,'Magnets',9236,0,'1970-01-01 00:00:00'),(4,'Magnets',18910,0,'2012-11-15 11:46:50'),(4,'Magnets',19359,0,'2012-11-15 11:46:50'),(4,'Magnets',19542,0,'2012-11-15 11:46:50'),(4,'Voltage and Charge',979,0,'1970-01-01 00:00:00'),(4,'Voltage and Charge',984,0,'1970-01-01 00:00:00'),(4,'Voltage and Charge',1225,0,'1970-01-01 00:00:00'),(4,'Voltage and Charge',1302,0,'1970-01-01 00:00:00'),(4,'Voltage and Charge',1409,0,'2012-11-15 11:39:28'),(4,'Voltage and Charge',1514,0,'1970-01-01 00:00:00'),(4,'Voltage and Charge',1642,0,'1970-01-01 00:00:00'),(4,'Voltage and Charge',1740,0,'1970-01-01 00:00:00'),(4,'Voltage and Charge',1822,0,'1970-01-01 00:00:00'),(4,'Voltage and Charge',1998,0,'1970-01-01 00:00:00'),(4,'Voltage and Charge',2017,0,'1970-01-01 00:00:00'),(4,'Voltage and Charge',4522,0,'1970-01-01 00:00:00'),(4,'Voltage and Charge',4526,0,'1970-01-01 00:00:00'),(4,'Voltage and Charge',5021,0,'1970-01-01 00:00:00'),(4,'Voltage and Charge',5042,0,'1970-01-01 00:00:00'),(4,'Voltage and Charge',5412,0,'1970-01-01 00:00:00'),(4,'Voltage and Charge',5472,0,'1970-01-01 00:00:00'),(4,'Voltage and Charge',5487,0,'1970-01-01 00:00:00'),(4,'Voltage and Charge',5810,0,'1970-01-01 00:00:00'),(4,'Voltage and Charge',5858,0,'1970-01-01 00:00:00'),(4,'Voltage and Charge',5950,0,'1970-01-01 00:00:00'),(4,'Voltage and Charge',6322,0,'1970-01-01 00:00:00'),(4,'Voltage and Charge',6353,0,'1970-01-01 00:00:00'),(4,'Voltage and Charge',8609,0,'1970-01-01 00:00:00'),(4,'Voltage and Charge',8974,0,'2012-11-15 11:39:28'),(4,'Voltage and Charge',9084,0,'2012-11-15 11:39:28'),(4,'Voltage and Charge',9158,0,'2012-11-15 11:39:28'),(4,'Voltage and Charge',9176,0,'2012-11-15 11:39:28'),(4,'Voltage and Charge',9225,0,'1970-01-01 00:00:00'),(4,'Voltage and Charge',18416,0,'2012-11-15 11:38:21'),(4,'Voltage and Charge',18435,0,'2012-11-15 11:38:21'),(4,'Voltage and Charge',18453,0,'2012-11-15 11:38:21'),(4,'Voltage and Charge',18788,0,'2012-11-15 11:38:21'),(4,'Voltage and Charge',18805,0,'2012-11-15 11:38:21'),(4,'Voltage and Charge',18821,0,'2012-11-15 11:38:21'),(4,'Voltage and Charge',18998,0,'2012-11-15 11:38:21'),(4,'Voltage and Charge',19117,0,'2012-11-15 11:38:21'),(4,'Voltage and Charge',19191,0,'2012-11-15 11:38:21'),(4,'Voltage and Charge',19463,0,'2012-11-15 11:38:21'),(4,'Voltage and Charge',22348,0,'2012-11-15 11:36:13'),(4,'Voltage and Charge',22466,0,'2012-11-15 11:38:21'),(4,'Voltage and Charge',22576,0,'2012-11-15 11:38:21'),(4,'Voltage and Charge',22606,0,'2012-11-15 11:38:21'),(4,'static',1148,0,'1970-01-01 00:00:00'),(4,'static',1882,0,'1970-01-01 00:00:00'),(4,'static',4513,0,'1970-01-01 00:00:00'),(4,'static',4518,0,'1970-01-01 00:00:00'),(4,'static',9673,0,'1970-01-01 00:00:00'),(4,'static',18416,0,'2012-11-15 11:44:22'),(4,'static',18805,0,'2012-11-15 11:44:22'),(5,'circuits',3298,0,'2012-11-22 14:23:24'),(5,'circuits',10893,0,'2012-11-22 14:23:24'),(5,'circuits',23004,0,'2012-11-22 14:23:24'),(5,'circuits',23047,0,'2012-11-22 14:23:24'),(5,'circuits',23060,0,'2012-11-22 14:23:24'),(5,'circuits',23099,0,'2012-11-22 14:23:24'),(5,'circuits',23139,0,'2012-11-22 14:23:24'),(5,'circuits',23158,0,'2012-11-22 14:23:24'),(5,'circuits',23168,0,'2012-11-22 14:23:24'),(5,'circuits',23413,0,'2012-11-22 14:23:24'),(5,'circuits',23475,0,'2012-11-22 14:23:24'),(5,'circuits',23561,0,'2012-11-22 14:23:24'),(5,'circuits',23762,0,'2012-11-22 14:23:24'),(5,'circuits',23876,0,'2012-11-22 14:23:24'),(4,'batteries',948,0,'1970-01-01 00:00:00'),(4,'batteries',967,0,'1970-01-01 00:00:00'),(4,'batteries',979,0,'1970-01-01 00:00:00'),(4,'batteries',1409,0,'1970-01-01 00:00:00'),(4,'batteries',1740,0,'1970-01-01 00:00:00'),(4,'batteries',1822,0,'1970-01-01 00:00:00'),(4,'batteries',2088,0,'1970-01-01 00:00:00'),(4,'batteries',2183,0,'1970-01-01 00:00:00'),(4,'batteries',4522,0,'1970-01-01 00:00:00'),(4,'batteries',4977,0,'1970-01-01 00:00:00'),(4,'batteries',5423,0,'1970-01-01 00:00:00'),(4,'batteries',5810,0,'1970-01-01 00:00:00'),(4,'batteries',5883,0,'1970-01-01 00:00:00'),(4,'batteries',6037,0,'1970-01-01 00:00:00'),(4,'batteries',6093,0,'1970-01-01 00:00:00'),(4,'batteries',8813,0,'1970-01-01 00:00:00'),(4,'batteries',9084,0,'1970-01-01 00:00:00'),(4,'batteries',9158,0,'1970-01-01 00:00:00'),(4,'batteries',9176,0,'1970-01-01 00:00:00'),(4,'batteries',9236,0,'1970-01-01 00:00:00'),(5,'batterys',2668,0,'2012-11-28 21:40:33'),(5,'batterys',2775,0,'2012-11-28 21:40:33'),(5,'batterys',2839,0,'2012-11-28 21:40:33'),(5,'batterys',2864,0,'2012-11-28 21:40:33'),(5,'batterys',3011,0,'2012-11-28 21:40:33'),(5,'batterys',3027,0,'2012-11-28 21:40:33'),(5,'batterys',3143,0,'2012-11-28 21:40:33'),(5,'batterys',11633,0,'2012-11-28 21:40:33'),(5,'batterys',12507,0,'2012-11-28 21:40:33'),(5,'batterys',12635,0,'2012-11-28 21:40:33'),(5,'batterys',12718,0,'2012-11-28 21:40:33'),(5,'batterys',23070,0,'2012-11-28 21:40:33'),(5,'batterys',23300,0,'2012-11-28 21:40:33'),(5,'conductors',955,0,'2012-11-28 22:10:08'),(5,'conductors',2724,0,'2012-11-28 22:10:08'),(5,'conductors',2753,0,'2012-11-22 14:46:59'),(5,'conductors',3100,0,'2012-11-28 22:10:08'),(5,'conductors',3207,0,'2012-11-28 22:10:08'),(5,'conductors',11481,0,'2012-11-22 14:35:12'),(5,'conductors',11650,0,'2012-11-22 14:35:12'),(5,'conductors',11732,0,'2012-11-22 14:35:12'),(5,'conductors',23047,0,'2012-11-22 14:41:36'),(5,'conductors',23405,0,'2012-11-22 14:41:36'),(5,'conductors',23589,0,'2012-11-28 22:10:08'),(5,'electric flow',11256,0,'2012-11-22 14:54:12'),(5,'electric flow',22974,0,'2012-11-22 14:54:12'),(5,'electric flow',23015,0,'2012-11-22 14:54:12'),(5,'electric flow',23099,0,'2012-11-22 14:54:12'),(5,'electric flow',23168,0,'2012-11-22 14:54:12'),(5,'electric flow',23197,0,'2012-11-22 14:54:12'),(5,'electric flow',23405,0,'2012-11-22 14:54:12'),(5,'electric flow',23762,0,'2012-11-22 14:54:12'),(5,'Static',2753,0,'2013-03-29 11:43:35'),(5,'Static',3056,0,'2013-03-29 11:43:35'),(5,'Static',3313,0,'2013-03-29 11:43:35'),(5,'Static',9673,0,'2013-03-29 11:43:35'),(5,'Static',10993,0,'2013-03-29 11:43:35'),(5,'Static',11729,0,'2013-03-29 11:43:35'),(5,'Static',11966,0,'2013-03-29 11:43:35'),(5,'Static',22974,0,'2013-03-29 15:32:23'),(5,'Static',23168,0,'2013-03-29 15:32:23'),(5,'Atoms',26617,0,'2013-03-31 00:40:58'),(5,'Atoms',26726,0,'2013-03-31 00:40:58'),(4,'atoms',4924,0,'1970-01-01 00:00:00'),(4,'atoms',4932,0,'1970-01-01 00:00:00'),(4,'atoms',5258,0,'1970-01-01 00:00:00'),(4,'atoms',5400,0,'1970-01-01 00:00:00'),(4,'atoms',5482,0,'1970-01-01 00:00:00'),(4,'atoms',5660,0,'1970-01-01 00:00:00'),(4,'atoms',5851,0,'1970-01-01 00:00:00'),(4,'atoms',5875,0,'1970-01-01 00:00:00'),(4,'atoms',6322,0,'1970-01-01 00:00:00'),(4,'atoms',9204,0,'1970-01-01 00:00:00'),(4,'atoms',18788,0,'2012-11-15 11:33:17'),(4,'atoms',18800,0,'2012-11-15 11:33:17'),(4,'atoms',18882,0,'2012-11-15 11:33:17'),(4,'atoms',19038,0,'2012-11-15 11:33:17'),(4,'atoms',22186,0,'2012-11-15 11:33:17'),(4,'atoms',22262,0,'2012-11-15 11:33:17'),(4,'atoms',22275,0,'2012-11-15 11:33:17'),(4,'atoms',22585,0,'2012-11-15 11:33:17'),(4,'atoms',22624,0,'2012-11-15 11:33:17'),(4,'atoms',22635,0,'2012-11-15 11:33:17'),(4,'atoms',22748,0,'2012-11-15 11:33:17'),(4,'Electrons',979,0,'1970-01-01 00:00:00'),(4,'Electrons',2753,0,'1970-01-01 00:00:00'),(4,'Electrons',4924,0,'1970-01-01 00:00:00'),(4,'Electrons',4932,0,'1970-01-01 00:00:00'),(4,'Electrons',5258,0,'1970-01-01 00:00:00'),(4,'Electrons',5482,0,'1970-01-01 00:00:00'),(4,'Electrons',5660,0,'1970-01-01 00:00:00'),(4,'Electrons',5774,0,'1970-01-01 00:00:00'),(4,'Electrons',5858,0,'1970-01-01 00:00:00'),(4,'Electrons',5886,0,'1970-01-01 00:00:00'),(4,'Electrons',6322,0,'1970-01-01 00:00:00'),(4,'Electrons',8360,0,'1970-01-01 00:00:00'),(4,'Electrons',8813,0,'1970-01-01 00:00:00'),(4,'Electrons',9084,0,'1970-01-01 00:00:00'),(4,'Electrons',9236,0,'1970-01-01 00:00:00'),(4,'Electrons',18421,0,'2012-11-15 11:39:06'),(4,'Electrons',18821,0,'2012-11-15 11:39:06'),(4,'Electrons',18835,0,'2012-11-15 11:39:06'),(4,'Electrons',18998,0,'2012-11-15 11:39:06'),(4,'Electrons',19117,0,'2012-11-15 11:39:06'),(4,'Electrons',19191,0,'2012-11-15 11:39:06'),(4,'Electrons',19267,0,'2012-11-15 11:39:06'),(4,'Electrons',19383,0,'2012-11-15 11:39:06'),(4,'Electrons',19393,0,'2012-11-15 11:39:06'),(4,'Electrons',20079,0,'2012-11-15 11:39:06'),(4,'Electrons',22193,0,'2012-11-15 11:39:06'),(4,'Electrons',22348,0,'2012-11-15 11:39:06'),(4,'Energy',984,0,'1970-01-01 00:00:00'),(4,'Energy',1160,0,'1970-01-01 00:00:00'),(4,'Energy',1225,0,'1970-01-01 00:00:00'),(4,'Energy',1302,0,'1970-01-01 00:00:00'),(4,'Energy',1458,0,'1970-01-01 00:00:00'),(4,'Energy',1486,0,'1970-01-01 00:00:00'),(4,'Energy',1514,0,'1970-01-01 00:00:00'),(4,'Energy',1954,0,'1970-01-01 00:00:00'),(4,'Energy',1998,0,'1970-01-01 00:00:00'),(4,'Energy',2088,0,'1970-01-01 00:00:00'),(4,'Energy',4522,0,'1970-01-01 00:00:00'),(4,'Energy',5021,0,'1970-01-01 00:00:00'),(4,'Energy',5487,0,'1970-01-01 00:00:00'),(4,'Energy',6000,0,'1970-01-01 00:00:00');
/*!40000 ALTER TABLE `thread_note` ENABLE KEYS */;
UNLOCK TABLES;

--
-- Table structure for table `thread_problem`
--

DROP TABLE IF EXISTS `thread_problem`;
/*!40101 SET @saved_cs_client     = @@character_set_client */;
/*!40101 SET character_set_client = utf8 */;
CREATE TABLE `thread_problem` (
  `projectid` int(11) NOT NULL,
  `threadfocus_problem` varchar(100) NOT NULL,
  `createtime` datetime NOT NULL,
  `problem` text,
  `author_problem` varchar(45) default NULL,
  KEY `thread_problem_fk` (`projectid`)
) ENGINE=InnoDB DEFAULT CHARSET=utf8;
/*!40101 SET character_set_client = @saved_cs_client */;

--
-- Dumping data for table `thread_problem`
--

LOCK TABLES `thread_problem` WRITE;
/*!40000 ALTER TABLE `thread_problem` DISABLE KEYS */;
INSERT INTO `thread_problem` VALUES (4,'light','2012-11-15 11:52:26','','erica'),(4,'Magnets','2012-11-15 11:56:14','-\r\n\r\n\r\n\r\n\r\n\r\n-\r\n\r\n\r\n\r\n\r\n\r\n\r\n\r\n-','palmer'),(4,'Magnets','2012-11-15 11:56:15','-\r\n\r\n\r\n\r\n\r\n\r\n-\r\n\r\n\r\n\r\n\r\n\r\n\r\n\r\n-\r\n		','palmer'),(4,'Magnets','2012-11-15 11:56:16','-\r\n\r\n\r\n\r\n\r\n\r\n-\r\n\r\n\r\n\r\n\r\n\r\n\r\n\r\n-\r\n		\r\n		','palmer'),(4,'Magnets','2012-11-15 11:56:16','-\r\n\r\n\r\n\r\n\r\n\r\n-\r\n\r\n\r\n\r\n\r\n\r\n\r\n\r\n-\r\n		\r\n		\r\n		','palmer'),(4,'Magnets','2012-11-15 11:56:17','-\r\n\r\n\r\n\r\n\r\n\r\n-\r\n\r\n\r\n\r\n\r\n\r\n\r\n\r\n-\r\n		\r\n		\r\n		','palmer'),(4,'Magnets','2012-11-15 11:56:17','-\r\n\r\n\r\n\r\n\r\n\r\n-\r\n\r\n\r\n\r\n\r\n\r\n\r\n\r\n-\r\n		\r\n		\r\n		\r\n		','palmer'),(4,'Magnets','2012-11-15 11:56:17','-\r\n\r\n\r\n\r\n\r\n\r\n-\r\n\r\n\r\n\r\n\r\n\r\n\r\n\r\n-\r\n		\r\n		\r\n		\r\n		','palmer'),(4,'Magnets','2012-11-15 11:56:17','-\r\n\r\n\r\n\r\n\r\n\r\n-\r\n\r\n\r\n\r\n\r\n\r\n\r\n\r\n-\r\n		\r\n		\r\n		\r\n		','palmer'),(4,'Magnets','2012-11-15 11:56:18','-\r\n\r\n\r\n\r\n\r\n\r\n-\r\n\r\n\r\n\r\n\r\n\r\n\r\n\r\n-\r\n		\r\n		\r\n		\r\n		','palmer'),(4,'Magnets','2012-11-15 11:56:18','-\r\n\r\n\r\n\r\n\r\n\r\n-\r\n\r\n\r\n\r\n\r\n\r\n\r\n\r\n-\r\n		\r\n		\r\n		\r\n		\r\n		','palmer'),(4,'Magnets','2012-11-15 11:56:18','-\r\n\r\n\r\n\r\n\r\n\r\n-\r\n\r\n\r\n\r\n\r\n\r\n\r\n\r\n-\r\n		\r\n		\r\n		\r\n		\r\n		','palmer'),(4,'Magnets','2012-11-15 11:56:19','-\r\n\r\n\r\n\r\n\r\n\r\n-\r\n\r\n\r\n\r\n\r\n\r\n\r\n\r\n-\r\n		\r\n		\r\n		\r\n		\r\n		','palmer'),(4,'Magnets','2012-11-15 11:56:19','-\r\n\r\n\r\n\r\n\r\n\r\n-\r\n\r\n\r\n\r\n\r\n\r\n\r\n\r\n-\r\n		\r\n		\r\n		\r\n		\r\n		\r\n		','palmer'),(4,'Magnets','2012-11-15 11:56:19','-\r\n\r\n\r\n\r\n\r\n\r\n-\r\n\r\n\r\n\r\n\r\n\r\n\r\n\r\n-\r\n		\r\n		\r\n		\r\n		\r\n		\r\n		','palmer'),(4,'Magnets','2012-11-15 11:56:20','-\r\n\r\n\r\n\r\n\r\n\r\n-\r\n\r\n\r\n\r\n\r\n\r\n\r\n\r\n-\r\n		\r\n		\r\n		\r\n		\r\n		\r\n		','palmer'),(4,'Magnets','2012-11-15 11:56:20','-\r\n\r\n\r\n\r\n\r\n\r\n-\r\n\r\n\r\n\r\n\r\n\r\n\r\n\r\n-\r\n		\r\n		\r\n		\r\n		\r\n		\r\n		\r\n		','palmer'),(4,'Magnets','2012-11-15 11:56:21','-\r\n\r\n\r\n\r\n\r\n\r\n-\r\n\r\n\r\n\r\n\r\n\r\n\r\n\r\n-\r\n		\r\n		\r\n		\r\n		\r\n		\r\n		\r\n		','palmer'),(4,'Magnets','2012-11-15 11:56:21','-\r\n\r\n\r\n\r\n\r\n\r\n-\r\n\r\n\r\n\r\n\r\n\r\n\r\n\r\n-\r\n		\r\n		\r\n		\r\n		\r\n		\r\n		\r\n		\r\n		','palmer'),(4,'Magnets','2012-11-15 11:56:21','-\r\n\r\n\r\n\r\n\r\n\r\n-\r\n\r\n\r\n\r\n\r\n\r\n\r\n\r\n-\r\n		\r\n		\r\n		\r\n		\r\n		\r\n		\r\n		\r\n		','palmer'),(4,'Magnets','2012-11-15 11:56:22','-\r\n\r\n\r\n\r\n\r\n\r\n-\r\n\r\n\r\n\r\n\r\n\r\n\r\n\r\n-\r\n		\r\n		\r\n		\r\n		\r\n		\r\n		\r\n		\r\n		','palmer'),(4,'Magnets','2012-11-15 11:56:22','-\r\n\r\n\r\n\r\n\r\n\r\n-\r\n\r\n\r\n\r\n\r\n\r\n\r\n\r\n-\r\n		\r\n		\r\n		\r\n		\r\n		\r\n		\r\n		\r\n		\r\n		','palmer'),(4,'Magnets','2012-11-15 11:56:22','-\r\n\r\n\r\n\r\n\r\n\r\n-\r\n\r\n\r\n\r\n\r\n\r\n\r\n\r\n-\r\n		\r\n		\r\n		\r\n		\r\n		\r\n		\r\n		\r\n		\r\n		','palmer'),(4,'light','2012-11-15 11:57:11','\r\n','erica'),(4,'Magnets','2012-11-15 11:58:38','-we need to understand how magnets relate to electricity \r\n\r\n\r\n\r\n\r\n\r\n-\r\n\r\n\r\n\r\n\r\n\r\n\r\n\r\n-\r\n		\r\n		\r\n		\r\n		\r\n		\r\n		\r\n		\r\n		\r\n		','palmer'),(4,'Magnets','2012-11-15 11:58:41','-we need to understand how magnets relate to electricity \r\n\r\n\r\n\r\n\r\n\r\n-\r\n\r\n\r\n\r\n\r\n\r\n\r\n\r\n-\r\n		\r\n		\r\n		\r\n		\r\n		\r\n		\r\n		\r\n		\r\n		\r\n		','palmer'),(4,'Magnets','2012-11-15 11:58:42','-we need to understand how magnets relate to electricity \r\n\r\n\r\n\r\n\r\n\r\n-\r\n\r\n\r\n\r\n\r\n\r\n\r\n\r\n-\r\n		\r\n		\r\n		\r\n		\r\n		\r\n		\r\n		\r\n		\r\n		\r\n		\r\n		','palmer'),(4,'Magnets','2012-11-15 11:58:42','-we need to understand how magnets relate to electricity \r\n\r\n\r\n\r\n\r\n\r\n-\r\n\r\n\r\n\r\n\r\n\r\n\r\n\r\n-\r\n		\r\n		\r\n		\r\n		\r\n		\r\n		\r\n		\r\n		\r\n		\r\n		\r\n		\r\n		','palmer'),(4,'Magnets','2012-11-15 11:58:42','-we need to understand how magnets relate to electricity \r\n\r\n\r\n\r\n\r\n\r\n-\r\n\r\n\r\n\r\n\r\n\r\n\r\n\r\n-\r\n		\r\n		\r\n		\r\n		\r\n		\r\n		\r\n		\r\n		\r\n		\r\n		\r\n		\r\n		','palmer'),(4,'Magnets','2012-11-15 11:58:43','-we need to understand how magnets relate to electricity \r\n\r\n\r\n\r\n\r\n\r\n-\r\n\r\n\r\n\r\n\r\n\r\n\r\n\r\n-\r\n		\r\n		\r\n		\r\n		\r\n		\r\n		\r\n		\r\n		\r\n		\r\n		\r\n		\r\n		','palmer'),(4,'Magnets','2012-11-15 11:58:43','-we need to understand how magnets relate to electricity \r\n\r\n\r\n\r\n\r\n\r\n-\r\n\r\n\r\n\r\n\r\n\r\n\r\n\r\n-\r\n		\r\n		\r\n		\r\n		\r\n		\r\n		\r\n		\r\n		\r\n		\r\n		\r\n		\r\n		\r\n		','palmer'),(4,'Magnets','2012-11-15 11:58:44','-we need to understand how magnets relate to electricity \r\n\r\n\r\n\r\n\r\n\r\n-\r\n\r\n\r\n\r\n\r\n\r\n\r\n\r\n-\r\n		\r\n		\r\n		\r\n		\r\n		\r\n		\r\n		\r\n		\r\n		\r\n		\r\n		\r\n		\r\n		','palmer'),(4,'Magnets','2012-11-15 11:58:44','-we need to understand how magnets relate to electricity \r\n\r\n\r\n\r\n\r\n\r\n-\r\n\r\n\r\n\r\n\r\n\r\n\r\n\r\n-\r\n		\r\n		\r\n		\r\n		\r\n		\r\n		\r\n		\r\n		\r\n		\r\n		\r\n		\r\n		\r\n		\r\n		','palmer'),(4,'Magnets','2012-11-15 11:58:45','-we need to understand how magnets relate to electricity \r\n\r\n\r\n\r\n\r\n\r\n-\r\n\r\n\r\n\r\n\r\n\r\n\r\n\r\n-\r\n		\r\n		\r\n		\r\n		\r\n		\r\n		\r\n		\r\n		\r\n		\r\n		\r\n		\r\n		\r\n		\r\n		','palmer'),(4,'Magnets','2012-11-15 11:58:45','-we need to understand how magnets relate to electricity \r\n\r\n\r\n\r\n\r\n\r\n-\r\n\r\n\r\n\r\n\r\n\r\n\r\n\r\n-\r\n		\r\n		\r\n		\r\n		\r\n		\r\n		\r\n		\r\n		\r\n		\r\n		\r\n		\r\n		\r\n		\r\n		\r\n		','palmer'),(4,'Magnets','2012-11-15 11:58:46','-we need to understand how magnets relate to electricity \r\n\r\n\r\n\r\n\r\n\r\n-\r\n\r\n\r\n\r\n\r\n\r\n\r\n\r\n-\r\n		\r\n		\r\n		\r\n		\r\n		\r\n		\r\n		\r\n		\r\n		\r\n		\r\n		\r\n		\r\n		\r\n		\r\n		','palmer'),(4,'Magnets','2012-11-15 11:58:46','-we need to understand how magnets relate to electricity \r\n\r\n\r\n\r\n\r\n\r\n-\r\n\r\n\r\n\r\n\r\n\r\n\r\n\r\n-\r\n		\r\n		\r\n		\r\n		\r\n		\r\n		\r\n		\r\n		\r\n		\r\n		\r\n		\r\n		\r\n		\r\n		\r\n		\r\n		','palmer'),(4,'Magnets','2012-11-15 11:58:47','-we need to understand how magnets relate to electricity \r\n\r\n\r\n\r\n\r\n\r\n-\r\n\r\n\r\n\r\n\r\n\r\n\r\n\r\n-\r\n		\r\n		\r\n		\r\n		\r\n		\r\n		\r\n		\r\n		\r\n		\r\n		\r\n		\r\n		\r\n		\r\n		\r\n		\r\n		','palmer'),(4,'Magnets','2012-11-15 11:58:47','-we need to understand how magnets relate to electricity \r\n\r\n\r\n\r\n\r\n\r\n-\r\n\r\n\r\n\r\n\r\n\r\n\r\n\r\n-\r\n		\r\n		\r\n		\r\n		\r\n		\r\n		\r\n		\r\n		\r\n		\r\n		\r\n		\r\n		\r\n		\r\n		\r\n		\r\n		\r\n		','palmer'),(4,'static','2012-11-15 11:58:58','We need to learn more about static electricity because we don\'t have enough information about how it really works.\r\n\r\nWe don\'t know all the elements like the fact that static makes light, we need to learn.  ','nora'),(4,'static','2012-11-15 12:01:08','We need to learn more about static electricity because we don\'t have enough information about how it really works.\r\n\r\nWe don\'t know all the elements like the fact that static electricity makes light, we need to learn more about why there is light when you charge yourself. Also we need to know how by charging yourself it generates energy. \r\n		','nora'),(4,'light','2012-11-15 12:02:47','\r\n\r\n*where does light come from?\r\n\r\n* how can we experiment with light? Is it even possible?\r\n\r\n','erica'),(4,'light','2012-11-15 12:03:07','\r\n\r\n*where does light come from?\r\n\r\n* how can we experiment with light? Is it even possible?\r\n\r\n\r\n		','erica'),(4,'Voltage and Charge','2012-11-15 12:03:39','why do you need protons and nuetrons in the nucleaus?\r\n\r\nwhy is the lydan jar so powerful?\r\n\r\nwhy are atoms so small?','kay'),(4,'Voltage and Charge','2012-11-15 12:03:41','why do you need protons and nuetrons in the nucleaus?\r\n\r\nwhy is the lydan jar so powerful?\r\n\r\nwhy are atoms so small?\r\n		','kay'),(4,'Voltage and Charge','2012-11-15 12:03:42','why do you need protons and nuetrons in the nucleaus?\r\n\r\nwhy is the lydan jar so powerful?\r\n\r\nwhy are atoms so small?\r\n		\r\n		','kay'),(4,'Voltage and Charge','2012-11-15 12:03:44','why do you need protons and nuetrons in the nucleaus?\r\n\r\nwhy is the lydan jar so powerful?\r\n\r\nwhy are atoms so small?\r\n		\r\n		\r\n		','kay'),(4,'Voltage and Charge','2012-11-15 12:03:48','why do you need protons and nuetrons in the nucleaus?\r\n\r\nwhy is the lydan jar so powerful?\r\n\r\nwhy are atoms so small?\r\n		\r\n		\r\n		\r\n		','kay'),(4,'Voltage and Charge','2012-11-15 12:03:49','why do you need protons and nuetrons in the nucleaus?\r\n\r\nwhy is the lydan jar so powerful?\r\n\r\nwhy are atoms so small?\r\n		\r\n		\r\n		\r\n		\r\n		','kay'),(4,'static','2012-11-15 12:06:04','We need to learn more about static electricity because we don\'t have enough information about how it really works.\r\n\r\nWe don\'t know all the elements like the fact that static electricity makes light, we need to learn more about why there is light when you charge yourself. Also we need to know how by charging yourself it generates energy. \r\n		\r\n		','nora'),(4,'Magnets','2012-11-15 12:06:56','-we need to understand how magnets relate to electricity  \r\n-','palmer'),(4,'Magnets','2012-11-15 12:06:56','-we need to understand how magnets relate to electricity  \r\n-\r\n		','palmer'),(4,'Magnets','2012-11-15 12:06:56','-we need to understand how magnets relate to electricity  \r\n-\r\n		','palmer'),(4,'Magnets','2012-11-15 12:06:56','-we need to understand how magnets relate to electricity  \r\n-\r\n		','palmer'),(4,'static','2012-11-15 12:07:14','We need to learn more about static electricity because we don\'t have enough information about how it really works.\r\n\r\nWe don\'t know all the elements like the fact that static electricity makes light, we need to learn more about why there is light when you charge yourself. Also we need to know how by charging yourself it generates energy. \r\n		\r\n		\r\n		','nora'),(4,'Voltage and Charge','2012-11-15 12:07:32','why do you need protons and nuetrons in the nucleaus?\r\n\r\nwhy is the lydan jar so powerful?\r\n\r\nwhy are atoms so small?\r\n		\r\n		\r\nhow many kinds of charge is there?	\r\n		\r\n		','kay'),(4,'Voltage and Charge','2012-11-15 12:07:33','why do you need protons and nuetrons in the nucleaus?\r\n\r\nwhy is the lydan jar so powerful?\r\n\r\nwhy are atoms so small?\r\n		\r\n		\r\nhow many kinds of charge is there?	\r\n		\r\n		\r\n		','kay'),(4,'Voltage and Charge','2012-11-15 12:07:34','why do you need protons and nuetrons in the nucleaus?\r\n\r\nwhy is the lydan jar so powerful?\r\n\r\nwhy are atoms so small?\r\n		\r\n		\r\nhow many kinds of charge is there?	\r\n		\r\n		\r\n		\r\n		','kay'),(4,'Voltage and Charge','2012-11-15 12:07:34','why do you need protons and nuetrons in the nucleaus?\r\n\r\nwhy is the lydan jar so powerful?\r\n\r\nwhy are atoms so small?\r\n		\r\n		\r\nhow many kinds of charge is there?	\r\n		\r\n		\r\n		\r\n		\r\n		','kay'),(4,'Voltage and Charge','2012-11-15 12:07:34','why do you need protons and nuetrons in the nucleaus?\r\n\r\nwhy is the lydan jar so powerful?\r\n\r\nwhy are atoms so small?\r\n		\r\n		\r\nhow many kinds of charge is there?	\r\n		\r\n		\r\n		\r\n		\r\n		','kay'),(4,'Voltage and Charge','2012-11-15 12:07:34','why do you need protons and nuetrons in the nucleaus?\r\n\r\nwhy is the lydan jar so powerful?\r\n\r\nwhy are atoms so small?\r\n		\r\n		\r\nhow many kinds of charge is there?	\r\n		\r\n		\r\n		\r\n		\r\n		','kay'),(4,'Voltage and Charge','2012-11-15 12:07:34','why do you need protons and nuetrons in the nucleaus?\r\n\r\nwhy is the lydan jar so powerful?\r\n\r\nwhy are atoms so small?\r\n		\r\n		\r\nhow many kinds of charge is there?	\r\n		\r\n		\r\n		\r\n		\r\n		','kay'),(4,'Voltage and Charge','2012-11-15 12:07:35','why do you need protons and nuetrons in the nucleaus?\r\n\r\nwhy is the lydan jar so powerful?\r\n\r\nwhy are atoms so small?\r\n		\r\n		\r\nhow many kinds of charge is there?	\r\n		\r\n		\r\n		\r\n		\r\n		','kay'),(4,'Voltage and Charge','2012-11-15 12:07:35','why do you need protons and nuetrons in the nucleaus?\r\n\r\nwhy is the lydan jar so powerful?\r\n\r\nwhy are atoms so small?\r\n		\r\n		\r\nhow many kinds of charge is there?	\r\n		\r\n		\r\n		\r\n		\r\n		\r\n		','kay'),(4,'Voltage and Charge','2012-11-15 12:07:35','why do you need protons and nuetrons in the nucleaus?\r\n\r\nwhy is the lydan jar so powerful?\r\n\r\nwhy are atoms so small?\r\n		\r\n		\r\nhow many kinds of charge is there?	\r\n		\r\n		\r\n		\r\n		\r\n		\r\n		','kay'),(4,'Voltage and Charge','2012-11-15 12:07:35','why do you need protons and nuetrons in the nucleaus?\r\n\r\nwhy is the lydan jar so powerful?\r\n\r\nwhy are atoms so small?\r\n		\r\n		\r\nhow many kinds of charge is there?	\r\n		\r\n		\r\n		\r\n		\r\n		\r\n		','kay'),(4,'Voltage and Charge','2012-11-15 12:07:35','why do you need protons and nuetrons in the nucleaus?\r\n\r\nwhy is the lydan jar so powerful?\r\n\r\nwhy are atoms so small?\r\n		\r\n		\r\nhow many kinds of charge is there?	\r\n		\r\n		\r\n		\r\n		\r\n		\r\n		','kay'),(4,'Voltage and Charge','2012-11-15 12:07:36','why do you need protons and nuetrons in the nucleaus?\r\n\r\nwhy is the lydan jar so powerful?\r\n\r\nwhy are atoms so small?\r\n		\r\n		\r\nhow many kinds of charge is there?	\r\n		\r\n		\r\n		\r\n		\r\n		\r\n		','kay'),(4,'Voltage and Charge','2012-11-15 12:07:36','why do you need protons and nuetrons in the nucleaus?\r\n\r\nwhy is the lydan jar so powerful?\r\n\r\nwhy are atoms so small?\r\n		\r\n		\r\nhow many kinds of charge is there?	\r\n		\r\n		\r\n		\r\n		\r\n		\r\n		\r\n		','kay'),(4,'Voltage and Charge','2012-11-15 12:07:36','why do you need protons and nuetrons in the nucleaus?\r\n\r\nwhy is the lydan jar so powerful?\r\n\r\nwhy are atoms so small?\r\n		\r\n		\r\nhow many kinds of charge is there?	\r\n		\r\n		\r\n		\r\n		\r\n		\r\n		\r\n		','kay'),(4,'Voltage and Charge','2012-11-15 12:07:37','why do you need protons and nuetrons in the nucleaus?\r\n\r\nwhy is the lydan jar so powerful?\r\n\r\nwhy are atoms so small?\r\n		\r\n		\r\nhow many kinds of charge is there?	\r\n		\r\n		\r\n		\r\n		\r\n		\r\n		\r\n		','kay'),(4,'Voltage and Charge','2012-11-15 12:07:38','why do you need protons and nuetrons in the nucleaus?\r\n\r\nwhy is the lydan jar so powerful?\r\n\r\nwhy are atoms so small?\r\n		\r\n		\r\nhow many kinds of charge is there?	\r\n		\r\n		\r\n		\r\n		\r\n		\r\n		\r\n		\r\n		','kay'),(4,'Voltage and Charge','2012-11-15 12:07:39','why do you need protons and nuetrons in the nucleaus?\r\n\r\nwhy is the lydan jar so powerful?\r\n\r\nwhy are atoms so small?\r\n		\r\n		\r\nhow many kinds of charge is there?	\r\n		\r\n		\r\n		\r\n		\r\n		\r\n		\r\n		\r\n		\r\n		','kay'),(4,'static','2012-11-15 12:07:40','We need to learn more about static electricity because we don\'t have enough information about how it really works.\r\n\r\nWe don\'t know all the elements like the fact that static electricity makes light, we need to learn more about why there is light when you charge yourself. Also we need to know how by charging yourself it generates energy. \r\n		\r\n		\r\n		\r\n		','nora'),(4,'Electrons','2012-11-15 12:07:41','-','evelyn'),(4,'batteries','2012-11-15 12:07:49','','NOAH'),(4,'light','2012-11-15 12:08:35','\r\n\r\n*where does light come from?\r\n\r\n* how can we experiment with light? Is it even possible?\r\n\r\n\r\n		\r\n		','erica'),(4,'light','2012-11-15 12:08:37','\r\n\r\n*where does light come from?\r\n\r\n* how can we experiment with light? Is it even possible?\r\n\r\n\r\n		\r\n		\r\n		','erica'),(4,'batteries','2012-11-15 12:08:41','','NOAH'),(4,'batteries','2012-11-15 12:08:43','\r\n		','NOAH'),(4,'light','2012-11-15 12:08:48','\r\n\r\n*where does light come from?\r\n\r\n* how can we experiment with light? Is it even possible?\r\n\r\n\r\n		\r\n		\r\n		\r\n		','erica'),(4,'light','2012-11-15 12:08:49','\r\n\r\n*where does light come from?\r\n\r\n* how can we experiment with light? Is it even possible?\r\n\r\n\r\n		\r\n		\r\n		\r\n		\r\n		','erica'),(4,'static','2012-11-15 12:08:58','We need to learn more about static electricity because we don\'t have enough information about how it really works.\r\n\r\nWe don\'t know all the elements like the fact that static electricity makes light, we need to learn more about why there is light when you charge yourself. Also we need to know how by charging yourself it generates energy. \r\n		\r\n		\r\n		\r\n		\r\n		','nora'),(4,'static','2012-11-15 12:09:21','We need to learn more about static electricity because we don\'t have enough information about how it really works.\r\n\r\nWe don\'t know all the elements like the fact that static electricity makes light, we need to learn more about why there is light when you charge yourself. Also we need to know how by charging yourself it generates energy. \r\n		\r\n		\r\n		\r\n		\r\n		\r\n		','nora'),(4,'Voltage and Charge','2012-11-15 12:09:23','why do you need protons and nuetrons in the nucleaus?\r\n\r\nwhy is the lydan jar so powerful?\r\n\r\nwhy are atoms so small?\r\n		\r\n		\r\nhow many kinds of charge is there?	\r\n		\r\nwe know there\'s positive and negative but are there any other charges we don\'t know about?	\r\n		\r\n		\r\n		\r\n		\r\n		\r\n		\r\n		\r\n		','kay'),(4,'Voltage and Charge','2012-11-15 12:09:24','why do you need protons and nuetrons in the nucleaus?\r\n\r\nwhy is the lydan jar so powerful?\r\n\r\nwhy are atoms so small?\r\n		\r\n		\r\nhow many kinds of charge is there?	\r\n		\r\nwe know there\'s positive and negative but are there any other charges we don\'t know about?	\r\n		\r\n		\r\n		\r\n		\r\n		\r\n		\r\n		\r\n		\r\n		','kay'),(4,'Voltage and Charge','2012-11-15 12:09:28','why do you need protons and nuetrons in the nucleaus?\r\n\r\nwhy is the lydan jar so powerful?\r\n\r\nwhy are atoms so small?\r\n		\r\n		\r\nhow many kinds of charge is there?	\r\n		\r\nwe know there\'s positive and negative but are there any other charges we don\'t know about?	\r\n		\r\n		\r\n		\r\n		\r\n		\r\n		\r\n		\r\n		\r\n		\r\n		','kay'),(4,'Voltage and Charge','2012-11-15 12:09:29','why do you need protons and nuetrons in the nucleaus?\r\n\r\nwhy is the lydan jar so powerful?\r\n\r\nwhy are atoms so small?\r\n		\r\n		\r\nhow many kinds of charge is there?	\r\n		\r\nwe know there\'s positive and negative but are there any other charges we don\'t know about?	\r\n		\r\n		\r\n		\r\n		\r\n		\r\n		\r\n		\r\n		\r\n		\r\n		\r\n		','kay'),(4,'Voltage and Charge','2012-11-15 12:09:30','why do you need protons and nuetrons in the nucleaus?\r\n\r\nwhy is the lydan jar so powerful?\r\n\r\nwhy are atoms so small?\r\n		\r\n		\r\nhow many kinds of charge is there?	\r\n		\r\nwe know there\'s positive and negative but are there any other charges we don\'t know about?	\r\n		\r\n		\r\n		\r\n		\r\n		\r\n		\r\n		\r\n		\r\n		\r\n		\r\n		\r\n		','kay'),(4,'Voltage and Charge','2012-11-15 12:09:30','why do you need protons and nuetrons in the nucleaus?\r\n\r\nwhy is the lydan jar so powerful?\r\n\r\nwhy are atoms so small?\r\n		\r\n		\r\nhow many kinds of charge is there?	\r\n		\r\nwe know there\'s positive and negative but are there any other charges we don\'t know about?	\r\n		\r\n		\r\n		\r\n		\r\n		\r\n		\r\n		\r\n		\r\n		\r\n		\r\n		\r\n		\r\n		','kay'),(4,'Voltage and Charge','2012-11-15 12:09:30','why do you need protons and nuetrons in the nucleaus?\r\n\r\nwhy is the lydan jar so powerful?\r\n\r\nwhy are atoms so small?\r\n		\r\n		\r\nhow many kinds of charge is there?	\r\n		\r\nwe know there\'s positive and negative but are there any other charges we don\'t know about?	\r\n		\r\n		\r\n		\r\n		\r\n		\r\n		\r\n		\r\n		\r\n		\r\n		\r\n		\r\n		\r\n		','kay'),(4,'Voltage and Charge','2012-11-15 12:09:31','why do you need protons and nuetrons in the nucleaus?\r\n\r\nwhy is the lydan jar so powerful?\r\n\r\nwhy are atoms so small?\r\n		\r\n		\r\nhow many kinds of charge is there?	\r\n		\r\nwe know there\'s positive and negative but are there any other charges we don\'t know about?	\r\n		\r\n		\r\n		\r\n		\r\n		\r\n		\r\n		\r\n		\r\n		\r\n		\r\n		\r\n		\r\n		','kay'),(4,'Voltage and Charge','2012-11-15 12:09:31','why do you need protons and nuetrons in the nucleaus?\r\n\r\nwhy is the lydan jar so powerful?\r\n\r\nwhy are atoms so small?\r\n		\r\n		\r\nhow many kinds of charge is there?	\r\n		\r\nwe know there\'s positive and negative but are there any other charges we don\'t know about?	\r\n		\r\n		\r\n		\r\n		\r\n		\r\n		\r\n		\r\n		\r\n		\r\n		\r\n		\r\n		\r\n		\r\n		','kay'),(4,'Voltage and Charge','2012-11-15 12:09:31','why do you need protons and nuetrons in the nucleaus?\r\n\r\nwhy is the lydan jar so powerful?\r\n\r\nwhy are atoms so small?\r\n		\r\n		\r\nhow many kinds of charge is there?	\r\n		\r\nwe know there\'s positive and negative but are there any other charges we don\'t know about?	\r\n		\r\n		\r\n		\r\n		\r\n		\r\n		\r\n		\r\n		\r\n		\r\n		\r\n		\r\n		\r\n		\r\n		','kay'),(4,'Voltage and Charge','2012-11-15 12:09:31','why do you need protons and nuetrons in the nucleaus?\r\n\r\nwhy is the lydan jar so powerful?\r\n\r\nwhy are atoms so small?\r\n		\r\n		\r\nhow many kinds of charge is there?	\r\n		\r\nwe know there\'s positive and negative but are there any other charges we don\'t know about?	\r\n		\r\n		\r\n		\r\n		\r\n		\r\n		\r\n		\r\n		\r\n		\r\n		\r\n		\r\n		\r\n		\r\n		','kay'),(4,'Voltage and Charge','2012-11-15 12:09:31','why do you need protons and nuetrons in the nucleaus?\r\n\r\nwhy is the lydan jar so powerful?\r\n\r\nwhy are atoms so small?\r\n		\r\n		\r\nhow many kinds of charge is there?	\r\n		\r\nwe know there\'s positive and negative but are there any other charges we don\'t know about?	\r\n		\r\n		\r\n		\r\n		\r\n		\r\n		\r\n		\r\n		\r\n		\r\n		\r\n		\r\n		\r\n		\r\n		','kay'),(4,'Voltage and Charge','2012-11-15 12:09:32','why do you need protons and nuetrons in the nucleaus?\r\n\r\nwhy is the lydan jar so powerful?\r\n\r\nwhy are atoms so small?\r\n		\r\n		\r\nhow many kinds of charge is there?	\r\n		\r\nwe know there\'s positive and negative but are there any other charges we don\'t know about?	\r\n		\r\n		\r\n		\r\n		\r\n		\r\n		\r\n		\r\n		\r\n		\r\n		\r\n		\r\n		\r\n		\r\n		','kay'),(4,'light','2012-11-15 12:09:32','\r\n\r\n*where does light come from?\r\n\r\n* how can we experiment with light? Is it even possible?\r\n\r\n\r\n* Why do rainbow\'s have different colors?\r\n		\r\n		\r\n		\r\n		\r\n		','erica'),(4,'Voltage and Charge','2012-11-15 12:09:32','why do you need protons and nuetrons in the nucleaus?\r\n\r\nwhy is the lydan jar so powerful?\r\n\r\nwhy are atoms so small?\r\n		\r\n		\r\nhow many kinds of charge is there?	\r\n		\r\nwe know there\'s positive and negative but are there any other charges we don\'t know about?	\r\n		\r\n		\r\n		\r\n		\r\n		\r\n		\r\n		\r\n		\r\n		\r\n		\r\n		\r\n		\r\n		\r\n		\r\n		','kay'),(4,'Voltage and Charge','2012-11-15 12:09:32','why do you need protons and nuetrons in the nucleaus?\r\n\r\nwhy is the lydan jar so powerful?\r\n\r\nwhy are atoms so small?\r\n		\r\n		\r\nhow many kinds of charge is there?	\r\n		\r\nwe know there\'s positive and negative but are there any other charges we don\'t know about?	\r\n		\r\n		\r\n		\r\n		\r\n		\r\n		\r\n		\r\n		\r\n		\r\n		\r\n		\r\n		\r\n		\r\n		\r\n		','kay'),(4,'light','2012-11-15 12:09:33','\r\n\r\n*where does light come from?\r\n\r\n* how can we experiment with light? Is it even possible?\r\n\r\n\r\n* Why do rainbow\'s have different colors?\r\n		\r\n		\r\n		\r\n		\r\n		\r\n		','erica'),(4,'light','2012-11-15 12:09:33','\r\n\r\n*where does light come from?\r\n\r\n* how can we experiment with light? Is it even possible?\r\n\r\n\r\n* Why do rainbow\'s have different colors?\r\n		\r\n		\r\n		\r\n		\r\n		\r\n		\r\n		','erica'),(4,'light','2012-11-15 12:09:35','\r\n\r\n*where does light come from?\r\n\r\n* how can we experiment with light? Is it even possible?\r\n\r\n\r\n* Why do rainbow\'s have different colors?\r\n		\r\n		\r\n		\r\n		\r\n		\r\n		\r\n		','erica'),(4,'Voltage and Charge','2012-11-15 12:09:56','why do you need protons and nuetrons in the nucleaus?\r\n\r\nwhy is the lydan jar so powerful?\r\n\r\nwhy are atoms so small?\r\n		\r\n		\r\nhow many kinds of charge is there?	\r\n		\r\nwe know there\'s positive and negative but are there any other charges we don\'t know about?	\r\n		\r\n		\r\n		\r\n		\r\n		\r\n		\r\n		\r\n		\r\n		\r\n		\r\n		\r\n		\r\n		\r\n		\r\n		','kay'),(4,'light','2012-11-15 12:10:35','\r\n\r\n*where does light come from?\r\n\r\n* how can we experiment with light? Is it even possible?\r\n\r\n\r\n		\r\n		\r\n		\r\n		\r\n		\r\n		\r\n		\r\n		','erica'),(4,'light','2012-11-15 12:10:36','\r\n\r\n*where does light come from?\r\n\r\n* how can we experiment with light? Is it even possible?\r\n\r\n\r\n		\r\n		\r\n		\r\n		\r\n		\r\n		\r\n		\r\n		\r\n		','erica'),(4,'light','2012-11-15 12:10:36','\r\n\r\n*where does light come from?\r\n\r\n* how can we experiment with light? Is it even possible?\r\n\r\n\r\n		\r\n		\r\n		\r\n		\r\n		\r\n		\r\n		\r\n		\r\n		\r\n		','erica'),(4,'light','2012-11-15 12:10:37','\r\n\r\n*where does light come from?\r\n\r\n* how can we experiment with light? Is it even possible?\r\n\r\n\r\n		\r\n		\r\n		\r\n		\r\n		\r\n		\r\n		\r\n		\r\n		\r\n		','erica'),(4,'light','2012-11-15 12:11:13','\r\n\r\n*where does light come from?\r\n\r\n* how can we experiment with light? Is it even possible?\r\n\r\n\r\n		\r\n		\r\n		\r\n		\r\n		\r\n		\r\n		\r\n		\r\n		\r\n		\r\n		','erica'),(4,'light','2012-11-15 12:11:14','\r\n\r\n*where does light come from?\r\n\r\n* how can we experiment with light? Is it even possible?\r\n\r\n\r\n		\r\n		\r\n		\r\n		\r\n		\r\n		\r\n		\r\n		\r\n		\r\n		\r\n		\r\n		','erica'),(4,'light','2012-11-15 12:11:14','\r\n\r\n*where does light come from?\r\n\r\n* how can we experiment with light? Is it even possible?\r\n\r\n\r\n		\r\n		\r\n		\r\n		\r\n		\r\n		\r\n		\r\n		\r\n		\r\n		\r\n		\r\n		\r\n		','erica'),(4,'static','2012-11-15 12:11:23','We need to learn more about static electricity because we don\'t have enough information about how it really works.\r\n\r\nWe don\'t know all the elements like the fact that static electricity makes light, we need to learn more about why there is light when you charge yourself. Also we need to know how by charging yourself it generates energy. \r\n		\r\n		\r\n		\r\n		\r\n		\r\n		\r\n		','nora'),(4,'static','2012-11-15 12:12:13','We need to learn more about static electricity because we don\'t have enough information about how it really works.\r\n\r\nWe don\'t know all the elements like the fact that static electricity makes light, we need to learn more about why there is light when you charge yourself. Also we need to know how by charging yourself it generates energy. \r\n		\r\n		\r\n		\r\n		\r\n		\r\n		\r\n		\r\n		','nora'),(4,'static','2012-11-15 12:12:18','We need to learn more about static electricity because we don\'t have enough information about how it really works.\r\n\r\nWe don\'t know all the elements like the fact that static electricity makes light, we need to learn more about why there is light when you charge yourself. Also we need to know how by charging yourself it generates energy. \r\n		\r\n		\r\n		\r\n		\r\n		\r\n		\r\n		\r\n		\r\n		','nora'),(4,'static','2012-11-15 12:12:19','We need to learn more about static electricity because we don\'t have enough information about how it really works.\r\n\r\nWe don\'t know all the elements like the fact that static electricity makes light, we need to learn more about why there is light when you charge yourself. Also we need to know how by charging yourself it generates energy. \r\n		\r\n		\r\n		\r\n		\r\n		\r\n		\r\n		\r\n		\r\n		\r\n		','nora'),(4,'static','2012-11-15 12:12:19','We need to learn more about static electricity because we don\'t have enough information about how it really works.\r\n\r\nWe don\'t know all the elements like the fact that static electricity makes light, we need to learn more about why there is light when you charge yourself. Also we need to know how by charging yourself it generates energy. \r\n		\r\n		\r\n		\r\n		\r\n		\r\n		\r\n		\r\n		\r\n		\r\n		\r\n		','nora'),(4,'static','2012-11-15 12:12:19','We need to learn more about static electricity because we don\'t have enough information about how it really works.\r\n\r\nWe don\'t know all the elements like the fact that static electricity makes light, we need to learn more about why there is light when you charge yourself. Also we need to know how by charging yourself it generates energy. \r\n		\r\n		\r\n		\r\n		\r\n		\r\n		\r\n		\r\n		\r\n		\r\n		\r\n		','nora'),(4,'static','2012-11-15 12:12:30','We need to learn more about static electricity because we don\'t have enough information about how it really works.\r\n\r\nWe don\'t know all the elements like the fact that static electricity makes light, we need to learn more about why there is light when you charge yourself. Also we need to know how by charging yourself it generates energy. \r\n		\r\n		\r\n		\r\n		\r\n		\r\n		\r\n		\r\n		\r\n		\r\n		\r\n		','nora'),(4,'static','2012-11-15 12:12:31','We need to learn more about static electricity because we don\'t have enough information about how it really works.\r\n\r\nWe don\'t know all the elements like the fact that static electricity makes light, we need to learn more about why there is light when you charge yourself. Also we need to know how by charging yourself it generates energy. \r\n		\r\n		\r\n		\r\n		\r\n		\r\n		\r\n		\r\n		\r\n		\r\n		\r\n		\r\n		','nora'),(4,'static','2012-11-15 12:12:33','We need to learn more about static electricity because we don\'t have enough information about how it really works.\r\n\r\nWe don\'t know all the elements like the fact that static electricity makes light, we need to learn more about why there is light when you charge yourself. Also we need to know how by charging yourself it generates energy. \r\n		\r\n		\r\n		\r\n		\r\n		\r\n		\r\n		\r\n		\r\n		\r\n		\r\n		\r\n		\r\n		','nora'),(4,'static','2012-11-15 12:12:33','We need to learn more about static electricity because we don\'t have enough information about how it really works.\r\n\r\nWe don\'t know all the elements like the fact that static electricity makes light, we need to learn more about why there is light when you charge yourself. Also we need to know how by charging yourself it generates energy. \r\n		\r\n		\r\n		\r\n		\r\n		\r\n		\r\n		\r\n		\r\n		\r\n		\r\n		\r\n		\r\n		\r\n		','nora'),(4,'static','2012-11-15 12:12:34','We need to learn more about static electricity because we don\'t have enough information about how it really works.\r\n\r\nWe don\'t know all the elements like the fact that static electricity makes light, we need to learn more about why there is light when you charge yourself. Also we need to know how by charging yourself it generates energy. \r\n		\r\n		\r\n		\r\n		\r\n		\r\n		\r\n		\r\n		\r\n		\r\n		\r\n		\r\n		\r\n		\r\n		','nora'),(4,'static','2012-11-15 12:12:34','We need to learn more about static electricity because we don\'t have enough information about how it really works.\r\n\r\nWe don\'t know all the elements like the fact that static electricity makes light, we need to learn more about why there is light when you charge yourself. Also we need to know how by charging yourself it generates energy. \r\n		\r\n		\r\n		\r\n		\r\n		\r\n		\r\n		\r\n		\r\n		\r\n		\r\n		\r\n		\r\n		\r\n		\r\n		','nora'),(4,'static','2012-11-15 12:12:59','We need to learn more about static electricity because we don\'t have enough information about how it really works.\r\n\r\nWe don\'t know all the elements like the fact that static electricity makes light, we need to learn more about why there is light when you charge yourself. Also we need to know how by charging yourself it generates energy. \r\n		\r\n		\r\n		\r\n		\r\n		\r\n		\r\n		\r\n		\r\n		\r\n		\r\n		\r\n		\r\n		\r\n		\r\n		','nora'),(4,'static','2012-11-15 12:13:06','We need to learn more about static electricity because we don\'t have enough information about how it really works.\r\n\r\nWe don\'t know all the elements like the fact that static electricity makes light, we need to learn more about why there is light when you charge yourself. Also we need to know how by charging yourself it generates energy. \r\n		\r\n		\r\n		\r\n		\r\n		\r\n		\r\n		\r\n		\r\n		\r\n		\r\n		\r\n		\r\n		\r\n		\r\n		\r\n		','nora'),(4,'static','2012-11-15 12:13:06','We need to learn more about static electricity because we don\'t have enough information about how it really works.\r\n\r\nWe don\'t know all the elements like the fact that static electricity makes light, we need to learn more about why there is light when you charge yourself. Also we need to know how by charging yourself it generates energy. \r\n		\r\n		\r\n		\r\n		\r\n		\r\n		\r\n		\r\n		\r\n		\r\n		\r\n		\r\n		\r\n		\r\n		\r\n		\r\n		\r\n		','nora'),(4,'static','2012-11-15 12:13:06','We need to learn more about static electricity because we don\'t have enough information about how it really works.\r\n\r\nWe don\'t know all the elements like the fact that static electricity makes light, we need to learn more about why there is light when you charge yourself. Also we need to know how by charging yourself it generates energy. \r\n		\r\n		\r\n		\r\n		\r\n		\r\n		\r\n		\r\n		\r\n		\r\n		\r\n		\r\n		\r\n		\r\n		\r\n		\r\n		\r\n		','nora'),(4,'static','2012-11-15 12:13:06','We need to learn more about static electricity because we don\'t have enough information about how it really works.\r\n\r\nWe don\'t know all the elements like the fact that static electricity makes light, we need to learn more about why there is light when you charge yourself. Also we need to know how by charging yourself it generates energy. \r\n		\r\n		\r\n		\r\n		\r\n		\r\n		\r\n		\r\n		\r\n		\r\n		\r\n		\r\n		\r\n		\r\n		\r\n		\r\n		\r\n		','nora'),(4,'static','2012-11-15 12:13:06','We need to learn more about static electricity because we don\'t have enough information about how it really works.\r\n\r\nWe don\'t know all the elements like the fact that static electricity makes light, we need to learn more about why there is light when you charge yourself. Also we need to know how by charging yourself it generates energy. \r\n		\r\n		\r\n		\r\n		\r\n		\r\n		\r\n		\r\n		\r\n		\r\n		\r\n		\r\n		\r\n		\r\n		\r\n		\r\n		\r\n		','nora'),(4,'static','2012-11-15 12:13:07','We need to learn more about static electricity because we don\'t have enough information about how it really works.\r\n\r\nWe don\'t know all the elements like the fact that static electricity makes light, we need to learn more about why there is light when you charge yourself. Also we need to know how by charging yourself it generates energy. \r\n		\r\n		\r\n		\r\n		\r\n		\r\n		\r\n		\r\n		\r\n		\r\n		\r\n		\r\n		\r\n		\r\n		\r\n		\r\n		\r\n		','nora'),(4,'static','2012-11-15 12:13:18','We need to learn more about static electricity because we don\'t have enough information about how it really works.\r\n\r\nWe don\'t know all the elements like the fact that static electricity makes light, we need to learn more about why there is light when you charge yourself. Also we need to know how by charging yourself it generates energy. \r\n		\r\nWhat is the colour of electrons? What makes them shine?\r\n\r\nHow come if you rub the tube with the fur slower it makes a bigger charge?\r\n\r\nHow come Alastair\'s shoes didn\'t work when he rubbed the carpet and when he switched shoes it still didn?t work maybe it involves the right person\r\n		\r\n		\r\n		\r\n		\r\n		\r\n		\r\n		\r\n		\r\n		\r\n		\r\n		\r\n		\r\n		\r\n		','michaeli'),(4,'static','2012-11-15 12:13:36','We need to learn more about static electricity because we don\'t have enough information about how it really works.\r\n\r\nWe don\'t know all the elements like the fact that static electricity makes light, we need to learn more about why there is light when you charge yourself. Also we need to know how by charging yourself it generates energy. \r\n		\r\n		\r\n		\r\n		\r\n		\r\n		\r\n		\r\n		\r\n		\r\n		\r\n		\r\n		\r\n		\r\n		\r\n		\r\n		\r\n		\r\n		','nora'),(4,'Magnets','2012-11-15 12:15:36','-we need to understand how magnets relate to electricity  \r\n\r\n\r\n-why do magnets throw compasses off\r\n- how do magnets work\r\n','charlotte'),(4,'Magnets','2012-11-15 12:15:46','-we need to understand how magnets relate to electricity  \r\n\r\n\r\n-why do magnets throw compasses off\r\n- how do magnets work\r\n\r\n		','charlotte'),(4,'Energy','2012-11-15 12:15:53','How is it that atoms contain energy? How does the atomic bomb work?\r\n\r\nHow is static electricity energy?\r\n\r\nCan the electrons from a layden jar be put into something else?\r\n\r\nHow do we create atoms? How do we create electrons? \r\n\r\nWhat makes electrons move?\r\n\r\n','jude'),(4,'Energy','2012-11-15 12:15:58','How is it that atoms contain energy? How does the atomic bomb work?\r\n\r\nHow is static electricity energy?\r\n\r\nCan the electrons from a layden jar be put into something else?\r\n\r\nHow do we create atoms? How do we create electrons? \r\n\r\nWhat makes electrons move?\r\n\r\n\r\n		','jude'),(4,'Energy','2012-11-15 12:15:59','How is it that atoms contain energy? How does the atomic bomb work?\r\n\r\nHow is static electricity energy?\r\n\r\nCan the electrons from a layden jar be put into something else?\r\n\r\nHow do we create atoms? How do we create electrons? \r\n\r\nWhat makes electrons move?\r\n\r\n\r\n		\r\n		','jude'),(4,'Energy','2012-11-15 12:16:15','How is it that atoms contain energy? How does the atomic bomb work?\r\n\r\nHow is static electricity energy?\r\n\r\nCan the electrons from a layden jar be put into something else?\r\n\r\nHow do we create atoms? How do we create electrons? \r\n\r\nWhat makes electrons move?\r\n\r\n\r\n		\r\n		\r\n		','jude'),(4,'Energy','2012-11-15 12:21:14','How is it that atoms contain energy? How does the atomic bomb work?\r\n\r\nHow is static electricity energy?\r\n\r\nCan the electrons from a layden jar be put into something else?\r\n\r\nHow do we create atoms? How do we create electrons? \r\n\r\nWhat makes electrons move?\r\n\r\n\r\n		\r\n		\r\n		\r\n		','jude'),(4,'Energy','2012-11-15 12:22:03','How is it that atoms contain energy? How does the atomic bomb work?\r\n\r\nHow is static electricity energy?\r\n\r\nCan the electrons from a layden jar be put into something else?\r\n\r\nHow do we create atoms? How do we create electrons? \r\n\r\nWhat makes electrons move?\r\n\r\n\r\n		\r\n		\r\n		\r\n		\r\n		','jude'),(4,'batteries','2012-11-20 22:26:32','\r\n		\r\n		','jianwei'),(5,'soures of power','2012-11-29 14:01:53','-how can we make more natural energy in Canada?','juliam'),(5,'soures of power','2012-11-29 14:01:56','-how can we make more natural energy in Canada?\r\n		','juliam'),(5,'batterys','2012-11-29 14:49:46','-Does a battery store or create \r\n-How does a battery know when to send off energy\r\n-How does a battery work\r\n-Could you charge a battery with another battery by attaching wires to the battery','joshd'),(5,'batterys','2012-11-29 14:49:57','-Does a battery store or create \r\n\r\n-How does a battery know when to send off energy\r\n\r\n-How does a battery work\r\n\r\n-Could you charge a battery with another battery by attaching wires to the battery\r\n		','joshd'),(5,'batterys','2012-11-29 14:52:21','-Does a battery store or create \r\n\r\n-How does a battery know when to send off energy\r\n\r\n-How does a battery work\r\n\r\n-Could you charge a battery with another battery by attaching wires to the battery\r\n		\r\n		','joshd'),(5,'batterys','2012-11-29 14:53:51','-Does a battery store or create \r\n\r\n-How does a battery know when to send off energy\r\n\r\n-How does a battery work\r\n\r\n-Could you charge a battery with another battery by attaching wires to the battery\r\n		\r\n		\r\n		','joshd'),(5,'batterys','2012-11-29 14:53:56','-Does a battery store or create \r\n\r\n-How does a battery know when to send off energy\r\n\r\n-How does a battery work\r\n\r\n-Could you charge a battery with another battery by attaching wires to the battery\r\n		\r\n		\r\n		\r\n		','joshd'),(5,'batterys','2012-11-29 14:55:02','-Does a battery store or create energy\r\n\r\n-How does a battery know when to send off energy\r\n\r\n-How does a battery work\r\n\r\n-Could you charge a battery with another battery by attaching wires to the battery\r\n		\r\n		\r\n		\r\n		\r\n		','joshd'),(5,'current','2012-11-29 14:55:58','','jacob'),(5,'batterys','2012-11-29 14:57:07','-Does a battery store or create energy\r\n\r\n-How does a battery know when to send off energy\r\n\r\n-How does a battery work\r\n\r\n-Could you charge a battery with another battery by attaching wires to the battery\r\n		\r\n		\r\n		\r\n		\r\n		\r\n		','joshd'),(5,'batterys','2012-11-29 14:57:46','-Does a battery store or create energy\r\n\r\n-How does a battery know when to send off energy\r\n\r\n-How does a battery work\r\n\r\n-Could you charge a battery with another battery by attaching wires to the battery\r\n		\r\n		\r\n		\r\n		\r\n		\r\n		\r\n		','joshd'),(5,'batterys','2012-11-29 14:58:50','-Does a battery store or create energy\r\n\r\n-How does a battery know when to send off energy\r\n\r\n-How does a battery work\r\n\r\n-Could you charge a battery with another battery by attaching wires to the battery\r\n		\r\n		\r\n		\r\n		\r\n		\r\n		\r\n		\r\n		','joshd'),(5,'batterys','2012-11-29 14:59:45','-Does a battery store or create energy\r\n\r\n-How does a battery know when to send off energy\r\n\r\n-How does a battery work\r\n\r\n-Could you charge a battery with another battery by attaching wires to the battery\r\n		\r\n		\r\n		\r\n		\r\n		\r\n		\r\n		\r\n		\r\n		','joshd'),(5,'batterys','2012-11-29 15:00:01','-Does a battery store or create energy\r\n\r\n-How does a battery know when to send off energy\r\n\r\n-How does a battery work\r\n\r\n-Could you charge a battery with another battery by attaching wires to the battery\r\n		\r\n		\r\n		\r\n		\r\n		\r\n		\r\n		\r\n		\r\n		\r\n		','joshd'),(5,'batterys','2012-11-29 15:02:39','-Does a battery store or create energy\r\n\r\n-How does a battery know when to send off energy\r\n\r\n-How does a battery work\r\n\r\n-Could you charge a battery with another battery by attaching wires to the battery\r\n		\r\n		\r\n		\r\n		\r\n		\r\n		\r\n		\r\n		\r\n		\r\n		\r\n		','joshd'),(5,'batterys','2012-11-29 15:02:51','-Does a battery store or create energy\r\n\r\n-How does a battery know when to send off energy\r\n\r\n-How does a battery work\r\n\r\n-Could you charge a battery with another battery by attaching wires to the battery\r\n		\r\n		\r\n		\r\n		\r\n		\r\n		\r\n		\r\n		\r\n		\r\n		\r\n		\r\n		','joshd'),(5,'current','2012-11-29 15:03:23','\r\n		','jacob'),(5,'conductors','2012-11-29 15:03:53','Why is metal a conductor?\r\n\r\nWhy I salt water or normal water a conductor?\r\n\r\nWhy is metal a better conductor then wood plastic?\r\n\r\nWhat makes things a conductor?\r\n\r\n\r\n\r\n','julian'),(5,'soures of power','2012-11-29 15:04:48','-how can we make more natural energy in Canada?\r\n		\r\n		','null'),(5,'current','2012-11-29 15:05:38','\r\n		\r\nnot enough juicy  notes		','jacob'),(5,'current','2012-11-29 15:05:39','\r\n		\r\nnot enough juicy  notes		\r\n		','jacob'),(5,'conductors','2012-11-29 15:06:02','Why is metal a conductor?\r\n\r\nWhy I salt water or normal water a conductor?\r\n\r\nWhy is metal a better conductor then wood plastic?\r\n\r\nWhat makes things a conductor?\r\n\r\n\r\n\r\n\r\n		','julian'),(5,'conductors','2012-11-29 15:07:12','Why is metal a conductor?\r\n\r\nWhy I salt water or normal water a conductor?\r\n\r\nWhy is metal a better conductor then wood plastic?\r\n\r\nWhat makes things a conductor?\r\n\r\n\r\n\r\n\r\n		\r\n		','julian'),(5,'conductors','2012-11-29 15:07:15','Why is metal a conductor?\r\n\r\nWhy I salt water or normal water a conductor?\r\n\r\nWhy is metal a better conductor then wood plastic?\r\n\r\nWhat makes things a conductor?\r\n\r\n\r\n\r\n\r\n		\r\n		\r\n		','julian'),(5,'conductors','2012-11-29 15:07:17','Why is metal a conductor?\r\n\r\nWhy I salt water or normal water a conductor?\r\n\r\nWhy is metal a better conductor then wood plastic?\r\n\r\nWhat makes things a conductor?\r\n\r\n\r\n\r\n\r\n		\r\n		\r\n		\r\n		','julian'),(5,'conductors','2012-11-29 15:07:17','Why is metal a conductor?\r\n\r\nWhy I salt water or normal water a conductor?\r\n\r\nWhy is metal a better conductor then wood plastic?\r\n\r\nWhat makes things a conductor?\r\n\r\n\r\n\r\n\r\n		\r\n		\r\n		\r\n		\r\n		','julian'),(5,'conductors','2012-11-29 15:07:17','Why is metal a conductor?\r\n\r\nWhy I salt water or normal water a conductor?\r\n\r\nWhy is metal a better conductor then wood plastic?\r\n\r\nWhat makes things a conductor?\r\n\r\n\r\n\r\n\r\n		\r\n		\r\n		\r\n		\r\n		','julian'),(5,'static','2012-11-29 15:07:34','static electricity is not an efficient way of creating electricity.','benwp'),(5,'soures of power','2012-11-29 15:09:23','- how far can electricity travel through different conductors?\r\n- what is the most efficient and eco-friendly source of power?\r\n- is kinetic energy the same as the energy from batteries?\r\n- too many nuclear power plants because they sometimes explode and are bad for the environment.\r\n- how do solar panels harvest light and turn it into electricity.\r\n- on all the new houses being built there should be solar panels.','hank'),(5,'soures of power','2012-11-29 15:09:27','- how far can electricity travel through different conductors?\r\n- what is the most efficient and eco-friendly source of power?\r\n- is kinetic energy the same as the energy from batteries?\r\n- too many nuclear power plants because they sometimes explode and are bad for the environment.\r\n- how do solar panels harvest light and turn it into electricity.\r\n- on all the new houses being built there should be solar panels.\r\n		','hank'),(5,'soures of power','2012-11-29 15:09:28','- how far can electricity travel through different conductors?\r\n- what is the most efficient and eco-friendly source of power?\r\n- is kinetic energy the same as the energy from batteries?\r\n- too many nuclear power plants because they sometimes explode and are bad for the environment.\r\n- how do solar panels harvest light and turn it into electricity.\r\n- on all the new houses being built there should be solar panels.\r\n		\r\n		','hank'),(5,'batterys','2012-11-29 15:22:02','-Does a battery store or create energy\r\n\r\n-How does a battery know when to send off energy\r\n\r\n-How does a battery work\r\n\r\n-Could you charge a battery with another battery by attaching wires to the battery\r\n\r\n\r\n----\r\n-Do batteries store energy, create energy, or store it then give it out.\r\n-If a battery is hooked up by a wire to another battery that is empty will the empty battery charge.   \r\n- how does a battery?s voltage change, what is different inside. \r\n-is there a chip to make to battery work.\r\n-what will happen if a battery is dropped in water\r\n- what?s inside a battery \r\n\r\n		\r\n		\r\n		\r\n		\r\n		\r\n		\r\n		\r\n		\r\n		\r\n		\r\n		\r\n		\r\n		','sarahn'),(5,'Atoms','2012-11-29 15:22:35','How many atoms are there?\r\nWhat atoms has the most protons and neutrons?\r\n','sarahn'),(5,'current','2012-11-29 15:23:56','\r\n		\r\nnot enough juicy  notes		\r\n		\r\n\r\n=====\r\nDo batteries work because electrons are free in the battery and want to get loose?\r\n\r\nWithout a mechanism to pick up the electricity, where will it go in a circuit or will the flow/cycle ever stop?\r\n\r\nHow does the electricity GENERATE the mechanism?','sarahn'),(5,'soures of power','2012-11-29 15:24:40','- how far can electricity travel through different conductors?\r\n- what is the most efficient and eco-friendly source of power?\r\n- is kinetic energy the same as the energy from batteries?\r\n- too many nuclear power plants because they sometimes explode and are bad for the environment.\r\n- how do solar panels harvest light and turn it into electricity.\r\n- on all the new houses being built there should be solar panels.\r\n\r\n=====\r\n\r\n- How far can electricity travel through water?\r\n\r\n-Can we get power from salt water?\r\n\r\n\r\n-What is inside a nuclear power plant that?s danger\r\n\r\n\r\n-How does the energy get generated at the plant\r\n\r\n\r\n		\r\n		','sarahn'),(5,'batterys','2012-11-29 15:28:05','-Does a battery store or create energy\r\n\r\n-How does a battery know when to send off energy\r\n\r\n-How does a battery work\r\n\r\n-Could you charge a battery with another battery by attaching wires to the battery\r\n		\r\n		\r\n		\r\n		\r\n		\r\n		\r\n		\r\n		\r\n		\r\n		\r\n		\r\n		\r\n		','juliam'),(4,'static','2012-11-15 11:58:58','We need to learn more about static electricity because we don\'t have enough information about how it really works.\r\n\r\nWe don\'t know all the elements like the fact that static makes light, we need to learn.  ','nora'),(4,'static','2012-11-15 12:01:08','We need to learn more about static electricity because we don\'t have enough information about how it really works.\r\n\r\nWe don\'t know all the elements like the fact that static electricity makes light, we need to learn more about why there is light when you charge yourself. Also we need to know how by charging yourself it generates energy. \r\no','nora'),(4,'static','2012-11-15 12:06:04','We need to learn more about static electricity because we don\'t have enough information about how it really works.\r\n\r\nWe don\'t know all the elements like the fact that static electricity makes light, we need to learn more about why there is light when you charge yourself. Also we need to know how by charging yourself it generates energy. \r\no\r\no','nora'),(4,'static','2012-11-15 12:07:14','We need to learn more about static electricity because we don\'t have enough information about how it really works.\r\n\r\nWe don\'t know all the elements like the fact that static electricity makes light, we need to learn more about why there is light when you charge yourself. Also we need to know how by charging yourself it generates energy. \r\no\r\no\r\no','nora'),(4,'static','2012-11-15 12:07:40','We need to learn more about static electricity because we don\'t have enough information about how it really works.\r\n\r\nWe don\'t know all the elements like the fact that static electricity makes light, we need to learn more about why there is light when you charge yourself. Also we need to know how by charging yourself it generates energy. \r\no\r\no\r\no\r\no','nora'),(4,'static','2012-11-15 12:08:58','We need to learn more about static electricity because we don\'t have enough information about how it really works.\r\n\r\nWe don\'t know all the elements like the fact that static electricity makes light, we need to learn more about why there is light when you charge yourself. Also we need to know how by charging yourself it generates energy. \r\no\r\no\r\no\r\no\r\no','nora'),(4,'static','2012-11-15 12:09:21','We need to learn more about static electricity because we don\'t have enough information about how it really works.\r\n\r\nWe don\'t know all the elements like the fact that static electricity makes light, we need to learn more about why there is light when you charge yourself. Also we need to know how by charging yourself it generates energy. \r\no\r\no\r\no\r\no\r\no\r\no','nora'),(4,'static','2012-11-15 12:11:23','We need to learn more about static electricity because we don\'t have enough information about how it really works.\r\n\r\nWe don\'t know all the elements like the fact that static electricity makes light, we need to learn more about why there is light when you charge yourself. Also we need to know how by charging yourself it generates energy. \r\no\r\no\r\no\r\no\r\no\r\no\r\no','nora'),(4,'static','2012-11-15 12:12:13','We need to learn more about static electricity because we don\'t have enough information about how it really works.\r\n\r\nWe don\'t know all the elements like the fact that static electricity makes light, we need to learn more about why there is light when you charge yourself. Also we need to know how by charging yourself it generates energy. \r\no\r\no\r\no\r\no\r\no\r\no\r\no\r\no','nora'),(4,'static','2012-11-15 12:12:18','We need to learn more about static electricity because we don\'t have enough information about how it really works.\r\n\r\nWe don\'t know all the elements like the fact that static electricity makes light, we need to learn more about why there is light when you charge yourself. Also we need to know how by charging yourself it generates energy. \r\no\r\no\r\no\r\no\r\no\r\no\r\no\r\no\r\no','nora'),(4,'static','2012-11-15 12:12:19','We need to learn more about static electricity because we don\'t have enough information about how it really works.\r\n\r\nWe don\'t know all the elements like the fact that static electricity makes light, we need to learn more about why there is light when you charge yourself. Also we need to know how by charging yourself it generates energy. \r\no\r\no\r\no\r\no\r\no\r\no\r\no\r\no\r\no\r\no','nora'),(4,'static','2012-11-15 12:12:19','We need to learn more about static electricity because we don\'t have enough information about how it really works.\r\n\r\nWe don\'t know all the elements like the fact that static electricity makes light, we need to learn more about why there is light when you charge yourself. Also we need to know how by charging yourself it generates energy. \r\no\r\no\r\no\r\no\r\no\r\no\r\no\r\no\r\no\r\no\r\no','nora'),(4,'static','2012-11-15 12:12:19','We need to learn more about static electricity because we don\'t have enough information about how it really works.\r\n\r\nWe don\'t know all the elements like the fact that static electricity makes light, we need to learn more about why there is light when you charge yourself. Also we need to know how by charging yourself it generates energy. \r\no\r\no\r\no\r\no\r\no\r\no\r\no\r\no\r\no\r\no\r\no','nora'),(4,'static','2012-11-15 12:12:30','We need to learn more about static electricity because we don\'t have enough information about how it really works.\r\n\r\nWe don\'t know all the elements like the fact that static electricity makes light, we need to learn more about why there is light when you charge yourself. Also we need to know how by charging yourself it generates energy. \r\no\r\no\r\no\r\no\r\no\r\no\r\no\r\no\r\no\r\no\r\no','nora'),(4,'static','2012-11-15 12:12:31','We need to learn more about static electricity because we don\'t have enough information about how it really works.\r\n\r\nWe don\'t know all the elements like the fact that static electricity makes light, we need to learn more about why there is light when you charge yourself. Also we need to know how by charging yourself it generates energy. \r\no\r\no\r\no\r\no\r\no\r\no\r\no\r\no\r\no\r\no\r\no\r\no','nora'),(4,'static','2012-11-15 12:12:33','We need to learn more about static electricity because we don\'t have enough information about how it really works.\r\n\r\nWe don\'t know all the elements like the fact that static electricity makes light, we need to learn more about why there is light when you charge yourself. Also we need to know how by charging yourself it generates energy. \r\no\r\no\r\no\r\no\r\no\r\no\r\no\r\no\r\no\r\no\r\no\r\no\r\no','nora'),(4,'static','2012-11-15 12:12:33','We need to learn more about static electricity because we don\'t have enough information about how it really works.\r\n\r\nWe don\'t know all the elements like the fact that static electricity makes light, we need to learn more about why there is light when you charge yourself. Also we need to know how by charging yourself it generates energy. \r\no\r\no\r\no\r\no\r\no\r\no\r\no\r\no\r\no\r\no\r\no\r\no\r\no\r\no','nora'),(4,'static','2012-11-15 12:12:34','We need to learn more about static electricity because we don\'t have enough information about how it really works.\r\n\r\nWe don\'t know all the elements like the fact that static electricity makes light, we need to learn more about why there is light when you charge yourself. Also we need to know how by charging yourself it generates energy. \r\no\r\no\r\no\r\no\r\no\r\no\r\no\r\no\r\no\r\no\r\no\r\no\r\no\r\no','nora'),(4,'static','2012-11-15 12:12:34','We need to learn more about static electricity because we don\'t have enough information about how it really works.\r\n\r\nWe don\'t know all the elements like the fact that static electricity makes light, we need to learn more about why there is light when you charge yourself. Also we need to know how by charging yourself it generates energy. \r\no\r\no\r\no\r\no\r\no\r\no\r\no\r\no\r\no\r\no\r\no\r\no\r\no\r\no\r\no','nora'),(4,'static','2012-11-15 12:12:59','We need to learn more about static electricity because we don\'t have enough information about how it really works.\r\n\r\nWe don\'t know all the elements like the fact that static electricity makes light, we need to learn more about why there is light when you charge yourself. Also we need to know how by charging yourself it generates energy. \r\no\r\no\r\no\r\no\r\no\r\no\r\no\r\no\r\no\r\no\r\no\r\no\r\no\r\no\r\no','nora'),(4,'static','2012-11-15 12:13:06','We need to learn more about static electricity because we don\'t have enough information about how it really works.\r\n\r\nWe don\'t know all the elements like the fact that static electricity makes light, we need to learn more about why there is light when you charge yourself. Also we need to know how by charging yourself it generates energy. \r\no\r\no\r\no\r\no\r\no\r\no\r\no\r\no\r\no\r\no\r\no\r\no\r\no\r\no\r\no\r\no','nora'),(4,'static','2012-11-15 12:13:06','We need to learn more about static electricity because we don\'t have enough information about how it really works.\r\n\r\nWe don\'t know all the elements like the fact that static electricity makes light, we need to learn more about why there is light when you charge yourself. Also we need to know how by charging yourself it generates energy. \r\no\r\no\r\no\r\no\r\no\r\no\r\no\r\no\r\no\r\no\r\no\r\no\r\no\r\no\r\no\r\no\r\no','nora'),(4,'static','2012-11-15 12:13:06','We need to learn more about static electricity because we don\'t have enough information about how it really works.\r\n\r\nWe don\'t know all the elements like the fact that static electricity makes light, we need to learn more about why there is light when you charge yourself. Also we need to know how by charging yourself it generates energy. \r\no\r\no\r\no\r\no\r\no\r\no\r\no\r\no\r\no\r\no\r\no\r\no\r\no\r\no\r\no\r\no\r\no','nora'),(4,'static','2012-11-15 12:13:06','We need to learn more about static electricity because we don\'t have enough information about how it really works.\r\n\r\nWe don\'t know all the elements like the fact that static electricity makes light, we need to learn more about why there is light when you charge yourself. Also we need to know how by charging yourself it generates energy. \r\no\r\no\r\no\r\no\r\no\r\no\r\no\r\no\r\no\r\no\r\no\r\no\r\no\r\no\r\no\r\no\r\no','nora'),(4,'static','2012-11-15 12:13:06','We need to learn more about static electricity because we don\'t have enough information about how it really works.\r\n\r\nWe don\'t know all the elements like the fact that static electricity makes light, we need to learn more about why there is light when you charge yourself. Also we need to know how by charging yourself it generates energy. \r\no\r\no\r\no\r\no\r\no\r\no\r\no\r\no\r\no\r\no\r\no\r\no\r\no\r\no\r\no\r\no\r\no','nora'),(4,'static','2012-11-15 12:13:07','We need to learn more about static electricity because we don\'t have enough information about how it really works.\r\n\r\nWe don\'t know all the elements like the fact that static electricity makes light, we need to learn more about why there is light when you charge yourself. Also we need to know how by charging yourself it generates energy. \r\no\r\no\r\no\r\no\r\no\r\no\r\no\r\no\r\no\r\no\r\no\r\no\r\no\r\no\r\no\r\no\r\no','nora'),(4,'static','2012-11-15 12:13:18','We need to learn more about static electricity because we don\'t have enough information about how it really works.\r\n\r\nWe don\'t know all the elements like the fact that static electricity makes light, we need to learn more about why there is light when you charge yourself. Also we need to know how by charging yourself it generates energy. \r\no\r\nWhat is the colour of electrons? What makes them shine?\r\n\r\nHow come if you rub the tube with the fur slower it makes a bigger charge?\r\n\r\nHow come Alastair\'s shoes didn\'t work when he rubbed the carpet and when he switched shoes it still didn?t work maybe it involves the right person\r\no\r\no\r\no\r\no\r\no\r\no\r\no\r\no\r\no\r\no\r\no\r\no\r\no\r\no','michaeli'),(4,'static','2012-11-15 12:13:36','We need to learn more about static electricity because we don\'t have enough information about how it really works.\r\n\r\nWe don\'t know all the elements like the fact that static electricity makes light, we need to learn more about why there is light when you charge yourself. Also we need to know how by charging yourself it generates energy. \r\no\r\no\r\no\r\no\r\no\r\no\r\no\r\no\r\no\r\no\r\no\r\no\r\no\r\no\r\no\r\no\r\no\r\no','nora');
/*!40000 ALTER TABLE `thread_problem` ENABLE KEYS */;
UNLOCK TABLES;

--
-- Table structure for table `thread_table`
--

DROP TABLE IF EXISTS `thread_table`;
/*!40101 SET @saved_cs_client     = @@character_set_client */;
/*!40101 SET character_set_client = utf8 */;
CREATE TABLE `thread_table` (
  `threadfocus` varchar(45) NOT NULL,
  PRIMARY KEY  (`threadfocus`)
) ENGINE=InnoDB DEFAULT CHARSET=utf8;
/*!40101 SET character_set_client = @saved_cs_client */;

--
-- Dumping data for table `thread_table`
--

LOCK TABLES `thread_table` WRITE;
/*!40000 ALTER TABLE `thread_table` DISABLE KEYS */;
/*!40000 ALTER TABLE `thread_table` ENABLE KEYS */;
UNLOCK TABLES;

--
-- Table structure for table `view_note`
--

DROP TABLE IF EXISTS `view_note`;
/*!40101 SET @saved_cs_client     = @@character_set_client */;
/*!40101 SET character_set_client = utf8 */;
CREATE TABLE `view_note` (
  `noteid` int(11) default NULL,
  `viewid` int(11) default NULL,
  KEY `noteid_FK` (`noteid`),
  KEY `viewid_FK` (`viewid`),
  CONSTRAINT `noteid_FK` FOREIGN KEY (`noteid`) REFERENCES `note_table` (`noteid`) ON DELETE CASCADE ON UPDATE CASCADE,
  CONSTRAINT `viewid_FK` FOREIGN KEY (`viewid`) REFERENCES `view_table` (`idview`) ON DELETE CASCADE ON UPDATE CASCADE
) ENGINE=InnoDB DEFAULT CHARSET=utf8;
/*!40101 SET character_set_client = @saved_cs_client */;

--
-- Dumping data for table `view_note`
--

LOCK TABLES `view_note` WRITE;
/*!40000 ALTER TABLE `view_note` DISABLE KEYS */;
INSERT INTO `view_note` VALUES (6989,107),(6994,107),(7006,107),(4645,161),(4651,161),(4661,161),(4665,161),(4672,161),(4678,161),(4694,161),(4739,161),(4778,161),(4782,161),(4796,161),(4877,161),(4917,161),(4940,161),(4995,161),(5030,161),(6601,161),(6615,161),(6627,161),(6644,161),(6660,161),(6682,161),(6688,161),(6693,161),(6719,161),(6733,161),(6753,161),(6786,161),(8202,161),(8320,161),(8389,161),(8450,161),(8483,161),(8492,161),(8536,161),(8552,161),(8583,161),(8601,161),(8619,161),(8745,161),(8751,161),(8848,161),(8909,161),(8913,161),(9014,161),(9032,161),(9060,161),(9861,161),(9880,161),(9923,161),(9931,161),(9942,161),(9946,161),(9950,161),(9956,161),(9966,161),(9998,161),(10033,161),(10048,161),(10099,161),(10142,161),(10144,161),(10149,161),(10192,161),(10208,161),(10224,161),(948,170),(955,170),(967,170),(979,170),(984,170),(1020,170),(1148,170),(1160,170),(1225,170),(1288,170),(1302,170),(1409,170),(1458,170),(1486,170),(1514,170),(1642,170),(1684,170),(1740,170),(1822,170),(1853,170),(1882,170),(1954,170),(1980,170),(1998,170),(2001,170),(2017,170),(2088,170),(2096,170),(2111,170),(2183,170),(4513,170),(4518,170),(4522,170),(4526,170),(4900,170),(4924,170),(4932,170),(4977,170),(4990,170),(5013,170),(5021,170),(5042,170),(5134,170),(5139,170),(5258,170),(5400,170),(5412,170),(5418,170),(5423,170),(5472,170),(5482,170),(5487,170),(5601,170),(5660,170),(5681,170),(5774,170),(5810,170),(5851,170),(5855,170),(5858,170),(5875,170),(5883,170),(5886,170),(5911,170),(5950,170),(5960,170),(5988,170),(6000,170),(6037,170),(6093,170),(6124,170),(6299,170),(6322,170),(6337,170),(6353,170),(6915,170),(8360,170),(8609,170),(8813,170),(8942,170),(8946,170),(8974,170),(9084,170),(9158,170),(9176,170),(9204,170),(9225,170),(9236,170),(9644,170),(9666,170),(2668,179),(2714,179),(2724,179),(2741,179),(2753,179),(2762,179),(2775,179),(2788,179),(2792,179),(2839,179),(2864,179),(2908,179),(2919,179),(2938,179),(2976,179),(2986,179),(3011,179),(3027,179),(3036,179),(3056,179),(3100,179),(3121,179),(3143,179),(3177,179),(3207,179),(3242,179),(3269,179),(3280,179),(3298,179),(3313,179),(3465,179),(3470,179),(3514,179),(9673,179),(9686,179),(9692,179),(7317,188),(7335,188),(7363,188),(7383,188),(7390,188),(7410,188),(7420,188),(7440,188),(7447,188),(7508,188),(7595,188),(7623,188),(7784,188),(7808,188),(7826,188),(7832,188),(7848,188),(7866,188),(7879,188),(7916,188),(7967,188),(7979,188),(7987,188),(7992,188),(8043,188),(8048,188),(8070,188),(8083,188),(8108,188),(8129,188),(8180,188),(8230,188),(8292,188),(8432,188),(8455,188),(8637,188),(12922,107),(12943,107),(12956,107),(12960,107),(12980,107),(13003,107),(13014,107),(13048,107),(13071,107),(13075,107),(13107,107),(13124,107),(13131,107),(13153,107),(13180,107),(13186,107),(13216,107),(13255,107),(13258,107),(13351,107),(13364,107),(13388,107),(13439,107),(13457,107),(13485,107),(13516,107),(13577,107),(13583,107),(13593,107),(13599,107),(13612,107),(13635,107),(13667,107),(13680,107),(13709,107),(13738,107),(13756,107),(13803,107),(13990,107),(13994,107),(14096,107),(14117,107),(14153,107),(14187,107),(14196,107),(14215,107),(14238,107),(14244,107),(14360,107),(14373,107),(14376,107),(14399,107),(14404,107),(14416,107),(14429,107),(14484,107),(14507,107),(16249,107),(16303,107),(16315,107),(16323,107),(16338,107),(16341,107),(16353,107),(16360,107),(16439,107),(16447,107),(16451,107),(16467,107),(16473,107),(16478,107),(16484,107),(16489,107),(16522,107),(16561,107),(16622,107),(16641,107),(16646,107),(16662,107),(16686,107),(16703,107),(16711,107),(16717,107),(16787,107),(16791,107),(16796,107),(16808,107),(16862,107),(16898,107),(16931,107),(16952,107),(16969,107),(16985,107),(17101,107),(17199,107),(17245,107),(17280,107),(17313,107),(17319,107),(17357,107),(17368,107),(17387,107),(17409,107),(17432,107),(17440,107),(17458,107),(17470,107),(17533,107),(14689,161),(14725,161),(14741,161),(14782,161),(14803,161),(14815,161),(14831,161),(14881,161),(14922,161),(14982,161),(15727,161),(15746,161),(15755,161),(15790,161),(15791,161),(15827,161),(15850,161),(15867,161),(15871,161),(15890,161),(15987,161),(10471,179),(10523,179),(10712,179),(10764,179),(10786,179),(10885,179),(10893,179),(10903,179),(10914,179),(10959,179),(10973,179),(10993,179),(11061,179),(11088,179),(11212,179),(11256,179),(11291,179),(11307,179),(11481,179),(11633,179),(11647,179),(11650,179),(11702,179),(11729,179),(11732,179),(11772,179),(11847,179),(11913,179),(11924,179),(11966,179),(11971,179),(11995,179),(12154,179),(12159,179),(12237,179),(12507,179),(12528,179),(12556,179),(12580,179),(12631,179),(12635,179),(12697,179),(12718,179),(12806,179),(19693,107),(17660,161),(17670,161),(17838,161),(17893,161),(17897,161),(17901,161),(17938,161),(17961,161),(18026,161),(18036,161),(18132,161),(18155,161),(18176,161),(18180,161),(18416,170),(18421,170),(18435,170),(18453,170),(18773,170),(18788,170),(18800,170),(18805,170),(18821,170),(18835,170),(18862,170),(18882,170),(18910,170),(18989,170),(18998,170),(19038,170),(19091,170),(19117,170),(19166,170),(19180,170),(19191,170),(19207,170),(19267,170),(19290,170),(19294,170),(19359,170),(19383,170),(19393,170),(19405,170),(19463,170),(19542,170),(19993,170),(20079,170),(20301,170),(20307,170),(20503,170),(20612,170),(20618,170),(20722,170),(20726,170),(20978,170),(20985,170),(13186,18503),(13599,18503),(13709,18503),(13756,18503),(13803,18503),(16451,18503),(16703,18503),(16711,18503),(16717,18503),(16791,18503),(16931,18503),(17458,18503),(13003,18512),(13071,18512),(13131,18512),(13153,18512),(13180,18512),(13255,18512),(13364,18512),(13485,18512),(13593,18512),(13635,18512),(13738,18512),(14096,18512),(14373,18512),(14376,18512),(14484,18512),(16249,18512),(16353,18512),(16360,18512),(16439,18512),(16467,18512),(16473,18512),(16522,18512),(16561,18512),(16622,18512),(16646,18512),(16796,18512),(16808,18512),(16862,18512),(16952,18512),(16969,18512),(17199,18512),(17368,18512),(17533,18512),(6989,18521),(6994,18521),(12943,18521),(12956,18521),(12960,18521),(12980,18521),(13048,18521),(13107,18521),(13124,18521),(13258,18521),(13351,18521),(13439,18521),(13457,18521),(13516,18521),(13577,18521),(13612,18521),(13680,18521),(14153,18521),(14215,18521),(14238,18521),(14360,18521),(14399,18521),(14404,18521),(14416,18521),(14429,18521),(14507,18521),(16303,18521),(16315,18521),(16323,18521),(16484,18521),(16489,18521),(16641,18521),(16985,18521),(17280,18521),(17313,18521),(17319,18521),(17387,18521),(17409,18521),(17432,18521),(13216,18530),(13388,18530),(13583,18530),(13667,18530),(13990,18530),(13994,18530),(14117,18530),(14187,18530),(14196,18530),(14244,18530),(16338,18530),(16447,18530),(16478,18530),(16662,18530),(16686,18530),(16787,18530),(16898,18530),(17101,18530),(17245,18530),(17440,18530),(17470,18530),(22186,170),(22193,170),(22262,170),(22275,170),(22348,170),(22406,170),(22466,170),(22553,170),(22576,170),(22585,170),(22606,170),(22624,170),(22635,170),(22647,170),(22748,170),(22974,179),(22981,179),(22987,179),(22993,179),(23004,179),(23015,179),(23047,179),(23060,179),(23070,179),(23085,179),(23099,179),(23139,179),(23158,179),(23168,179),(23197,179),(23208,179),(23260,179),(23300,179),(23360,179),(23390,179),(23405,179),(23413,179),(23475,179),(23561,179),(23589,179),(23656,179),(23754,179),(23762,179),(23780,179),(23876,179),(24040,188),(24047,188),(24085,188),(24114,188),(24147,188),(24155,188),(24163,188),(24165,188),(24179,188),(24224,188),(24234,188),(24251,188),(24282,188),(24301,188),(24307,188),(24318,188),(24353,188),(24360,188),(24411,188),(24416,188),(24451,188),(24456,188),(24482,188),(24513,188),(24516,188),(24547,188),(24564,188),(24571,188),(24602,188),(24637,188),(24647,188),(24670,188),(24701,188),(24703,188),(24714,188),(24719,188),(24766,188),(24786,188),(24818,188),(24829,188),(24973,188),(25035,188),(25053,188),(25059,188),(25071,188),(25076,188),(25108,188),(25138,188),(25146,188),(25150,188),(25197,188),(25261,188),(25328,188),(25374,188),(25405,188),(25411,188),(25418,188),(25434,188),(25467,188),(25491,188),(25546,188),(25567,188),(25603,188),(25630,188),(25639,188),(25672,188),(25701,188),(25712,188),(25716,188),(26504,107),(25920,170),(25926,170),(25942,170),(25960,170),(25973,170),(26003,170),(26023,170),(26028,170),(26044,170),(26049,170),(26066,170),(26072,170),(26088,170),(26093,170),(26617,179),(26378,18512),(26445,18521),(26454,18521),(26657,179),(26663,179),(26726,179),(28942,161),(28974,161),(28980,161),(28999,161),(29003,161),(29009,161),(29053,161),(29102,161),(29185,161),(29189,161),(29194,161),(29270,161),(29275,161),(29288,161),(29310,161),(29324,161),(29329,161),(29358,161),(29387,161),(29417,161),(29470,161),(29618,161),(948,27182),(955,27182),(967,27182),(979,27182),(984,27182),(1020,27182),(1148,27182),(1160,27182),(1225,27182),(1302,27182),(1409,27182),(1458,27182),(1486,27182),(1514,27182),(1642,27182),(1684,27182),(1740,27182),(1822,27182),(1853,27182),(1882,27182),(1954,27182),(1980,27182),(1998,27182),(2017,27182),(2088,27182),(2096,27182),(2111,27182),(2183,27182),(4513,27182),(4518,27182),(4522,27182),(4526,27182),(4932,27182),(4977,27182),(4990,27182),(5013,27182),(5021,27182),(5042,27182),(5139,27182),(5258,27182),(5400,27182),(5412,27182),(5418,27182),(5472,27182),(5482,27182),(5487,27182),(5601,27182),(5660,27182),(5681,27182),(5774,27182),(5810,27182),(5851,27182),(5855,27182),(5858,27182),(5886,27182),(5911,27182),(5950,27182),(5960,27182),(5988,27182),(6000,27182),(6124,27182),(6322,27182),(6353,27182),(8360,27182),(8609,27182),(8813,27182),(8942,27182),(8946,27182),(8974,27182),(9084,27182),(9158,27182),(9176,27182),(9204,27182),(9225,27182),(9236,27182),(9644,27182),(18416,27182),(18421,27182),(18435,27182),(18453,27182),(18773,27182),(18788,27182),(18800,27182),(18805,27182),(18821,27182),(18835,27182),(18862,27182),(18882,27182),(18910,27182),(18989,27182),(18998,27182),(19038,27182),(19091,27182),(19117,27182),(19166,27182),(19180,27182),(19191,27182),(19207,27182),(19267,27182),(19290,27182),(19294,27182),(19359,27182),(19383,27182),(19393,27182),(19405,27182),(19463,27182),(19542,27182),(19993,27182),(20079,27182),(20503,27182),(20726,27182),(22186,27182),(22193,27182),(22262,27182),(22275,27182),(22348,27182),(22406,27182),(22466,27182),(22553,27182),(22576,27182),(22606,27182),(22624,27182),(22635,27182),(22748,27182),(25920,27182),(25926,27182),(25942,27182),(25960,27182),(25973,27182),(26003,27182),(26023,27182),(26028,27182),(26044,27182),(26049,27182),(26066,27182),(26072,27182),(26088,27182),(26093,27182);
/*!40000 ALTER TABLE `view_note` ENABLE KEYS */;
UNLOCK TABLES;

--
-- Table structure for table `view_table`
--

DROP TABLE IF EXISTS `view_table`;
/*!40101 SET @saved_cs_client     = @@character_set_client */;
/*!40101 SET character_set_client = utf8 */;
CREATE TABLE `view_table` (
  `idview` int(11) NOT NULL,
  `title` varchar(450) default NULL,
  PRIMARY KEY  (`idview`)
) ENGINE=InnoDB DEFAULT CHARSET=utf8;
/*!40101 SET character_set_client = @saved_cs_client */;

--
-- Dumping data for table `view_table`
--

LOCK TABLES `view_table` WRITE;
/*!40000 ALTER TABLE `view_table` DISABLE KEYS */;
INSERT INTO `view_table` VALUES (33,'Welcome'),(107,'Grade 4 Water'),(161,'Grade 2 Birds'),(170,'Grade 5/6 Ben Electricity'),(179,'Grade 5/6 Julia Electricity'),(188,'Grade 3 Food'),(306,'KB Meetings 2012/13'),(18503,'The Water Cycle: Liquid, Solid, Gas'),(18512,'Water and Forces of Nature'),(18521,'Marine Pollution'),(18530,'Water and the Human Body'),(18950,'How are electricity and magnetism related?'),(27182,'Gr 5/6 Ben Electricity - Organized');
/*!40000 ALTER TABLE `view_table` ENABLE KEYS */;
UNLOCK TABLES;
/*!40103 SET TIME_ZONE=@OLD_TIME_ZONE */;

/*!40101 SET SQL_MODE=@OLD_SQL_MODE */;
/*!40014 SET FOREIGN_KEY_CHECKS=@OLD_FOREIGN_KEY_CHECKS */;
/*!40014 SET UNIQUE_CHECKS=@OLD_UNIQUE_CHECKS */;
/*!40101 SET CHARACTER_SET_CLIENT=@OLD_CHARACTER_SET_CLIENT */;
/*!40101 SET CHARACTER_SET_RESULTS=@OLD_CHARACTER_SET_RESULTS */;
/*!40101 SET COLLATION_CONNECTION=@OLD_COLLATION_CONNECTION */;
/*!40111 SET SQL_NOTES=@OLD_SQL_NOTES */;

-- Dump completed on 2013-04-27 11:03:26
